-- MySQL dump 10.17  Distrib 10.3.25-MariaDB, for debian-linux-gnu (x86_64)
--
-- Host: localhost    Database: studybuddy
-- ------------------------------------------------------
-- Server version	10.3.25-MariaDB-0ubuntu0.20.04.1

/*!40101 SET @OLD_CHARACTER_SET_CLIENT=@@CHARACTER_SET_CLIENT */;
/*!40101 SET @OLD_CHARACTER_SET_RESULTS=@@CHARACTER_SET_RESULTS */;
/*!40101 SET @OLD_COLLATION_CONNECTION=@@COLLATION_CONNECTION */;
/*!40101 SET NAMES utf8mb4 */;
/*!40103 SET @OLD_TIME_ZONE=@@TIME_ZONE */;
/*!40103 SET TIME_ZONE='+00:00' */;
/*!40014 SET @OLD_UNIQUE_CHECKS=@@UNIQUE_CHECKS, UNIQUE_CHECKS=0 */;
/*!40014 SET @OLD_FOREIGN_KEY_CHECKS=@@FOREIGN_KEY_CHECKS, FOREIGN_KEY_CHECKS=0 */;
/*!40101 SET @OLD_SQL_MODE=@@SQL_MODE, SQL_MODE='NO_AUTO_VALUE_ON_ZERO' */;
/*!40111 SET @OLD_SQL_NOTES=@@SQL_NOTES, SQL_NOTES=0 */;

--
-- Table structure for table `bild`
--

DROP TABLE IF EXISTS `bild`;
/*!40101 SET @saved_cs_client     = @@character_set_client */;
/*!40101 SET character_set_client = utf8 */;
CREATE TABLE `bild` (
  `bid` bigint(20) NOT NULL AUTO_INCREMENT,
  `datum` date NOT NULL,
  `url` varchar(512) COLLATE utf8mb4_unicode_ci NOT NULL,
  `uid` bigint(20) NOT NULL,
  PRIMARY KEY (`bid`),
  KEY `uid_fk` (`uid`),
  CONSTRAINT `bild_uid_fk` FOREIGN KEY (`uid`) REFERENCES `user` (`uid`) ON DELETE CASCADE ON UPDATE CASCADE
) ENGINE=InnoDB AUTO_INCREMENT=9 DEFAULT CHARSET=utf8mb4 COLLATE=utf8mb4_unicode_ci;
/*!40101 SET character_set_client = @saved_cs_client */;

--
-- Dumping data for table `bild`
--

LOCK TABLES `bild` WRITE;
/*!40000 ALTER TABLE `bild` DISABLE KEYS */;
INSERT INTO `bild` VALUES (8,'2021-05-01','1_Bildschirmfoto 2021-04-08 um 19.33.30.png',1);
/*!40000 ALTER TABLE `bild` ENABLE KEYS */;
UNLOCK TABLES;

--
-- Table structure for table `chat_message`
--

DROP TABLE IF EXISTS `chat_message`;
/*!40101 SET @saved_cs_client     = @@character_set_client */;
/*!40101 SET character_set_client = utf8 */;
CREATE TABLE `chat_message` (
  `cid` bigint(20) NOT NULL AUTO_INCREMENT,
  `sid` bigint(20) NOT NULL,
  `content` varchar(255) COLLATE utf8mb4_unicode_ci NOT NULL,
  `timestamp` timestamp NOT NULL DEFAULT current_timestamp() ON UPDATE current_timestamp(),
  PRIMARY KEY (`cid`),
  KEY `chat_message_user_uid_fk` (`sid`),
  CONSTRAINT `chat_message_user_uid_fk` FOREIGN KEY (`sid`) REFERENCES `user` (`uid`) ON DELETE CASCADE ON UPDATE CASCADE
) ENGINE=InnoDB AUTO_INCREMENT=106 DEFAULT CHARSET=utf8mb4 COLLATE=utf8mb4_unicode_ci;
/*!40101 SET character_set_client = @saved_cs_client */;

--
-- Dumping data for table `chat_message`
--

LOCK TABLES `chat_message` WRITE;
/*!40000 ALTER TABLE `chat_message` DISABLE KEYS */;
INSERT INTO `chat_message` VALUES (1,2,'dsadas','2021-04-17 03:13:08'),(2,2,'feafa','2021-04-17 03:23:05'),(15,2,'hey joe','2021-04-17 23:08:09'),(16,1,'hey','2021-04-17 23:10:02'),(17,2,'hey','2021-04-17 23:18:41'),(18,2,'hey joe','2021-04-18 00:51:26'),(19,2,'hey','2021-04-18 00:53:34'),(20,2,'hey','2021-04-18 00:53:48'),(21,2,'hey','2021-04-18 00:55:43'),(22,2,'what\'s up','2021-04-18 00:55:48'),(23,2,'dasd','2021-04-18 00:55:57'),(24,2,'dsadas','2021-04-18 00:55:58'),(25,1,'hey','2021-04-18 00:56:21'),(26,2,'hey','2021-04-18 00:56:36'),(27,1,'das','2021-04-18 00:56:40'),(28,2,'das','2021-04-18 00:56:44'),(29,1,'hey','2021-04-18 00:59:21'),(30,2,'jhead','2021-04-18 00:59:26'),(31,1,'hdegs','2021-04-18 00:59:57'),(32,1,'hsdhsd','2021-04-18 00:59:58'),(33,1,'hdshs','2021-04-18 00:59:59'),(34,1,'dhsdhs','2021-04-18 01:00:00'),(35,1,'hshd','2021-04-18 01:00:00'),(36,1,'hsdhsd','2021-04-18 01:00:01'),(37,1,'hsdh','2021-04-18 01:00:02'),(38,1,'adsdasd','2021-04-18 01:00:18'),(39,2,'sdasd','2021-04-18 01:00:24'),(40,2,'dasda','2021-04-18 01:00:25'),(41,2,'dsadas','2021-04-18 01:00:26'),(42,2,'hey','2021-04-18 01:00:27'),(43,2,'how ','2021-04-18 01:00:30'),(44,2,'are ','2021-04-18 01:00:32'),(45,2,'you','2021-04-18 01:00:33'),(46,2,'doing','2021-04-18 01:00:34'),(47,1,'dasdas','2021-04-18 01:15:46'),(48,2,'hahaha','2021-04-18 01:16:15'),(49,2,'sdadas','2021-04-18 01:16:18'),(50,2,'dasda','2021-04-18 01:16:20'),(51,1,'sdshda','2021-04-18 01:18:45'),(52,2,'h','2021-04-18 01:18:58'),(53,2,'h','2021-04-18 01:19:00'),(54,2,'h','2021-04-18 01:19:01'),(55,2,'h','2021-04-18 01:19:02'),(56,2,'h','2021-04-18 01:19:02'),(57,2,'h','2021-04-18 01:19:03'),(58,2,'h','2021-04-18 01:19:03'),(59,2,'h','2021-04-18 01:19:04'),(60,2,'h','2021-04-18 01:19:04'),(61,2,'h','2021-04-18 01:19:04'),(62,2,'h','2021-04-18 01:19:05'),(63,2,'h','2021-04-18 01:19:05'),(64,1,'aaa','2021-04-18 01:20:06'),(65,1,'a','2021-04-18 01:20:08'),(66,1,'a','2021-04-18 01:20:08'),(67,1,'a','2021-04-18 01:20:09'),(68,1,'a','2021-04-18 01:20:09'),(69,1,'a','2021-04-18 01:20:10'),(70,1,'a','2021-04-18 01:20:10'),(71,1,'a','2021-04-18 01:20:10'),(72,1,'a','2021-04-18 01:20:11'),(73,1,'a','2021-04-18 01:20:12'),(74,1,'a','2021-04-18 01:20:12'),(75,1,'a','2021-04-18 01:20:13'),(76,1,'a','2021-04-18 01:20:13'),(77,1,'a','2021-04-18 01:20:13'),(78,1,'a','2021-04-18 01:20:14'),(79,1,'a','2021-04-18 01:20:14'),(80,1,'a','2021-04-18 01:20:14'),(81,1,'a','2021-04-18 01:20:15'),(82,1,'a','2021-04-18 01:20:15'),(83,1,'a','2021-04-18 01:20:15'),(84,1,'a','2021-04-18 01:20:16'),(85,1,'d','2021-04-18 01:21:02'),(86,1,'kljlkjjk','2021-04-18 01:21:04'),(87,1,'öjoöo','2021-04-18 01:21:12'),(88,2,'sdas','2021-04-18 01:21:46'),(89,2,'äää','2021-04-18 01:21:53'),(90,1,'hhhh','2021-04-18 01:22:39'),(91,2,'hhh','2021-04-18 01:22:42'),(92,1,'f','2021-04-18 01:22:46'),(93,1,'sdas','2021-04-18 01:22:47'),(94,2,'ssss','2021-04-18 01:22:53'),(95,2,'ghgh','2021-04-18 01:24:10'),(96,1,'öäää','2021-04-18 01:24:14'),(97,2,'xcyx','2021-04-18 02:33:04'),(98,1,'ffff','2021-04-18 02:33:11'),(99,1,'hey','2021-04-26 12:49:50'),(100,1,'dgsgds','2021-04-26 14:01:54'),(101,2,'hey','2021-04-26 14:32:10'),(102,1,'dasda','2021-04-26 14:32:13'),(103,2,'hey','2021-04-26 15:48:49'),(104,1,'hallo','2021-04-26 15:48:54'),(105,1,'hey','2021-05-04 03:28:46');
/*!40000 ALTER TABLE `chat_message` ENABLE KEYS */;
UNLOCK TABLES;

--
-- Table structure for table `chat_message_empfaenger`
--

DROP TABLE IF EXISTS `chat_message_empfaenger`;
/*!40101 SET @saved_cs_client     = @@character_set_client */;
/*!40101 SET character_set_client = utf8 */;
CREATE TABLE `chat_message_empfaenger` (
  `cid` bigint(20) NOT NULL,
  `uid` bigint(20) NOT NULL,
  PRIMARY KEY (`cid`,`uid`),
  KEY `uid` (`uid`),
  CONSTRAINT `chat_message_empfaenger_ibfk_1` FOREIGN KEY (`cid`) REFERENCES `chat_message` (`cid`),
  CONSTRAINT `chat_message_empfaenger_ibfk_2` FOREIGN KEY (`uid`) REFERENCES `user` (`uid`)
) ENGINE=InnoDB DEFAULT CHARSET=utf8mb4 COLLATE=utf8mb4_unicode_ci;
/*!40101 SET character_set_client = @saved_cs_client */;

--
-- Dumping data for table `chat_message_empfaenger`
--

LOCK TABLES `chat_message_empfaenger` WRITE;
/*!40000 ALTER TABLE `chat_message_empfaenger` DISABLE KEYS */;
INSERT INTO `chat_message_empfaenger` VALUES (1,1),(1,2),(15,1),(16,2),(17,1),(18,1),(19,1),(20,1),(21,1),(22,1),(23,1),(24,1),(25,2),(26,1),(27,2),(28,1),(29,2),(30,1),(31,2),(32,2),(33,2),(34,2),(35,2),(36,2),(37,2),(38,2),(39,1),(40,1),(41,1),(42,1),(43,1),(44,1),(45,1),(46,1),(47,2),(48,1),(49,1),(50,1),(51,2),(52,1),(53,1),(54,1),(55,1),(56,1),(57,1),(58,1),(59,1),(60,1),(61,1),(62,1),(63,1),(64,2),(65,2),(66,2),(67,2),(68,2),(69,2),(70,2),(71,2),(72,2),(73,2),(74,2),(75,2),(76,2),(77,2),(78,2),(79,2),(80,2),(81,2),(82,2),(83,2),(84,2),(85,2),(86,2),(87,2),(88,1),(89,1),(90,2),(91,1),(92,2),(93,2),(94,1),(95,1),(96,2),(97,1),(98,2),(99,2),(100,2),(101,1),(102,2),(103,1),(104,2),(105,2);
/*!40000 ALTER TABLE `chat_message_empfaenger` ENABLE KEYS */;
UNLOCK TABLES;

--
-- Table structure for table `contacts`
--

DROP TABLE IF EXISTS `contacts`;
/*!40101 SET @saved_cs_client     = @@character_set_client */;
/*!40101 SET character_set_client = utf8 */;
CREATE TABLE `contacts` (
  `uid` bigint(20) NOT NULL,
  `co_id` bigint(20) NOT NULL,
  PRIMARY KEY (`uid`,`co_id`),
  KEY `cid` (`co_id`),
  CONSTRAINT `contacts_ibfk_1` FOREIGN KEY (`uid`) REFERENCES `user` (`uid`),
  CONSTRAINT `contacts_ibfk_2` FOREIGN KEY (`co_id`) REFERENCES `user` (`uid`)
) ENGINE=InnoDB DEFAULT CHARSET=utf8mb4 COLLATE=utf8mb4_unicode_ci;
/*!40101 SET character_set_client = @saved_cs_client */;

--
-- Dumping data for table `contacts`
--

LOCK TABLES `contacts` WRITE;
/*!40000 ALTER TABLE `contacts` DISABLE KEYS */;
INSERT INTO `contacts` VALUES (1,2),(2,1);
/*!40000 ALTER TABLE `contacts` ENABLE KEYS */;
UNLOCK TABLES;

--
-- Table structure for table `inserat`
--

DROP TABLE IF EXISTS `inserat`;
/*!40101 SET @saved_cs_client     = @@character_set_client */;
/*!40101 SET character_set_client = utf8 */;
CREATE TABLE `inserat` (
  `ins_id` bigint(20) NOT NULL AUTO_INCREMENT,
  `ist_aktiv` tinyint(1) NOT NULL DEFAULT 0,
  `ziel_stadt_id` bigint(20) NOT NULL,
  `uni` varchar(100) COLLATE utf8mb4_unicode_ci DEFAULT NULL,
  `max_user` int(11) NOT NULL,
  `beschreibung` varchar(255) COLLATE utf8mb4_unicode_ci NOT NULL,
  `von_dat` date NOT NULL,
  `bis_dat` date NOT NULL,
  `ersteller_id` bigint(20) NOT NULL,
  PRIMARY KEY (`ins_id`),
  KEY `inserat_uid_fk` (`ersteller_id`),
  KEY `inserat_sid_fk` (`ziel_stadt_id`),
  CONSTRAINT `inserat_sid_fk` FOREIGN KEY (`ziel_stadt_id`) REFERENCES `stadt` (`sid`) ON UPDATE CASCADE,
  CONSTRAINT `inserat_uid_fk` FOREIGN KEY (`ersteller_id`) REFERENCES `user` (`uid`) ON DELETE CASCADE ON UPDATE CASCADE
) ENGINE=InnoDB AUTO_INCREMENT=21 DEFAULT CHARSET=utf8mb4 COLLATE=utf8mb4_unicode_ci;
/*!40101 SET character_set_client = @saved_cs_client */;

--
-- Dumping data for table `inserat`
--

LOCK TABLES `inserat` WRITE;
/*!40000 ALTER TABLE `inserat` DISABLE KEYS */;
INSERT INTO `inserat` VALUES (1,1,625,'sdasdasd',3,'asdasas','2021-03-09','2021-04-11',1),(2,1,625,'sdasdasd',3,'asdasas','2021-03-09','2021-04-11',1),(3,1,511,'sdasdasd',3,'asdasas','2021-03-09','2021-04-11',1),(4,1,935,'sdasdasd',3,'sadassad','2021-03-17','2021-03-24',1),(5,1,5,'asddasd',3,'tessdagfasd','2021-03-04','2021-03-18',1),(6,1,807,'sdasdasd',6,'asdsadsdasad','2021-03-09','2021-03-17',1),(7,1,807,'sdasdasd',6,'asdsadsdasad','2021-03-09','2021-03-17',1),(8,1,835,'sdasdasd',6,'asdsadsdasad','2021-03-09','2021-03-17',1),(9,1,835,'sdasdasd',6,'asdsadsdasad','2021-03-09','2021-03-17',1),(10,1,835,'sdasdasd',6,'asdsadsdasad','2021-03-09','2021-03-17',1),(11,1,835,'sdasdasd',6,'asdsadsdasad','2021-03-09','2021-03-17',1),(12,1,425,'sdasdad',4,'asddsa','2021-04-12','2021-04-21',1),(13,1,425,'sdasdad',4,'asddsa','2021-04-12','2021-04-21',1),(14,1,425,'sdasdad',4,'asddsa','2021-04-12','2021-04-21',1),(15,1,520,'400',400,'400','2021-03-20','2021-06-24',1),(16,1,885,'sdasdasd',2,'hkvfhkf','2021-04-07','2021-04-21',1),(17,1,697,'sdasdasd',2,'gukzukg','2021-04-28','2021-05-24',1),(18,1,795,'sdasdasd',5,'uktuktuk','2021-04-27','2021-05-24',1),(19,1,8,'adasd',4,'asdsads','2021-06-06','2021-06-29',2),(20,1,190,'sdasda',4,'dasd','2021-05-17','2021-05-31',1);
/*!40000 ALTER TABLE `inserat` ENABLE KEYS */;
UNLOCK TABLES;

--
-- Table structure for table `land`
--

DROP TABLE IF EXISTS `land`;
/*!40101 SET @saved_cs_client     = @@character_set_client */;
/*!40101 SET character_set_client = utf8 */;
CREATE TABLE `land` (
  `lid` bigint(20) NOT NULL AUTO_INCREMENT,
  `name` varchar(100) COLLATE utf8mb4_unicode_ci NOT NULL,
  PRIMARY KEY (`lid`)
) ENGINE=InnoDB AUTO_INCREMENT=120 DEFAULT CHARSET=utf8mb4 COLLATE=utf8mb4_unicode_ci;
/*!40101 SET character_set_client = @saved_cs_client */;

--
-- Dumping data for table `land`
--

LOCK TABLES `land` WRITE;
/*!40000 ALTER TABLE `land` DISABLE KEYS */;
INSERT INTO `land` VALUES (1,'Russia'),(2,'Nigeria'),(3,'Philippines'),(4,'Djibouti'),(5,'Guatemala'),(6,'Portugal'),(7,'France'),(8,'Brazil'),(9,'Democratic Republic of the Congo'),(10,'Ukraine'),(11,'Indonesia'),(12,'Armenia'),(13,'China'),(14,'Japan'),(15,'Colombia'),(16,'Vietnam'),(17,'Latvia'),(18,'Kosovo'),(19,'Poland'),(20,'Egypt'),(21,'Cuba'),(22,'Canada'),(23,'Panama'),(24,'Spain'),(25,'Nicaragua'),(26,'Dominican Republic'),(27,'Guyana'),(28,'Mexico'),(29,'Czech Republic'),(30,'United States'),(31,'Bulgaria'),(32,'Paraguay'),(33,'Thailand'),(34,'Argentina'),(35,'Sweden'),(36,'Pakistan'),(37,'Honduras'),(38,'Chile'),(39,'Macedonia'),(40,'Peru'),(41,'Tanzania'),(42,'Greece'),(43,'Ivory Coast'),(44,'Uzbekistan'),(45,'Slovenia'),(46,'Ecuador'),(47,'New Zealand'),(48,'Albania'),(49,'South Africa'),(50,'Chad'),(51,'Bangladesh'),(52,'Luxembourg'),(53,'Benin'),(54,'Hungary'),(55,'Croatia'),(56,'Lebanon'),(57,'Venezuela'),(58,'Uganda'),(59,'Serbia'),(60,'Yemen'),(61,'Ethiopia'),(62,'Sierra Leone'),(63,'Seychelles'),(64,'Afghanistan'),(65,'Finland'),(66,'Cameroon'),(67,'Israel'),(68,'Eritrea'),(69,'El Salvador'),(70,'Tunisia'),(71,'Comoros'),(72,'Tajikistan'),(73,'Norway'),(74,'Bosnia and Herzegovina'),(75,'Syria'),(76,'Angola'),(77,'Jamaica'),(78,'Samoa'),(79,'Azerbaijan'),(80,'Burkina Faso'),(81,'Mozambique'),(82,'Maldives'),(83,'Kazakhstan'),(84,'Georgia'),(85,'Germany'),(86,'Uruguay'),(87,'Iran'),(88,'Somalia'),(89,'Mongolia'),(90,'Botswana'),(91,'Belarus'),(92,'Bolivia'),(93,'South Sudan'),(94,'Haiti'),(95,'Kyrgyzstan'),(96,'Malta'),(97,'Kenya'),(98,'Mali'),(99,'Cambodia'),(100,'Ghana'),(101,'Costa Rica'),(102,'Malaysia'),(103,'South Korea'),(104,'Denmark'),(105,'Lithuania'),(106,'Netherlands'),(107,'Madagascar'),(108,'Oman'),(109,'Palestinian Territory'),(110,'Nepal'),(111,'Moldova'),(112,'Mayotte'),(113,'Mauritania'),(114,'Libya'),(115,'Saudi Arabia'),(116,'Liberia'),(117,'Micronesia'),(118,'Rwanda'),(119,'Burundi');
/*!40000 ALTER TABLE `land` ENABLE KEYS */;
UNLOCK TABLES;

--
-- Table structure for table `refresh_token`
--

DROP TABLE IF EXISTS `refresh_token`;
/*!40101 SET @saved_cs_client     = @@character_set_client */;
/*!40101 SET character_set_client = utf8 */;
CREATE TABLE `refresh_token` (
  `token` varchar(512) COLLATE utf8mb4_unicode_ci NOT NULL,
  `uid` bigint(20) NOT NULL,
  PRIMARY KEY (`token`),
  KEY `refresh_uid_fk` (`uid`),
  CONSTRAINT `refresh_uid_fk` FOREIGN KEY (`uid`) REFERENCES `user` (`uid`) ON DELETE CASCADE ON UPDATE CASCADE
) ENGINE=InnoDB DEFAULT CHARSET=utf8mb4 COLLATE=utf8mb4_unicode_ci;
/*!40101 SET character_set_client = @saved_cs_client */;

--
-- Dumping data for table `refresh_token`
--

LOCK TABLES `refresh_token` WRITE;
/*!40000 ALTER TABLE `refresh_token` DISABLE KEYS */;
INSERT INTO `refresh_token` VALUES ('eyJhbGciOiJIUzM4NCJ9.eyJzdWIiOiJqb2VAbWFpbC5jb20iLCJpYXQiOjE2MjA1MjIyMjUsImV4cCI6MTYyMTEyNzAyNX0.N-DbIITcCE0NBDD4sWucosrTWqyg3unyngdQb9AvZ4jMlzpQ4oJ7q1bmqvtv9YQj',1),('eyJhbGciOiJIUzM4NCJ9.eyJzdWIiOiJtYXhAbWFpbC5jb20iLCJpYXQiOjE2MjA1MDU5NjksImV4cCI6MTYyMTExMDc2OX0.Lus2yCgk2r9UsqaxIWEHSnk2H-rklpcnKnjBvQRCr0Y2Nj4Jdt3wSrehucEf0N-F',2);
/*!40000 ALTER TABLE `refresh_token` ENABLE KEYS */;
UNLOCK TABLES;

--
-- Table structure for table `sprache`
--

DROP TABLE IF EXISTS `sprache`;
/*!40101 SET @saved_cs_client     = @@character_set_client */;
/*!40101 SET character_set_client = utf8 */;
CREATE TABLE `sprache` (
  `iso_code` varchar(3) COLLATE utf8mb4_unicode_ci NOT NULL,
  `name` varchar(100) COLLATE utf8mb4_unicode_ci NOT NULL,
  `native_name` varchar(100) COLLATE utf8mb4_unicode_ci NOT NULL,
  PRIMARY KEY (`iso_code`)
) ENGINE=InnoDB DEFAULT CHARSET=utf8mb4 COLLATE=utf8mb4_unicode_ci;
/*!40101 SET character_set_client = @saved_cs_client */;

--
-- Dumping data for table `sprache`
--

LOCK TABLES `sprache` WRITE;
/*!40000 ALTER TABLE `sprache` DISABLE KEYS */;
INSERT INTO `sprache` VALUES ('aa','Afar','Afaraf'),('ab','Abkhaz','аҧсуа'),('ae','Avestan','avesta'),('af','Afrikaans','Afrikaans'),('ak','Akan','Akan'),('am','Amharic','አማርኛ'),('an','Aragonese','Aragonés'),('ar','Arabic','العربية'),('as','Assamese','অসমীয়া'),('av','Avaric','авар мацӀ, магӀарул мацӀ'),('ay','Aymara','aymar aru'),('az','Azerbaijani','azərbaycan dili'),('ba','Bashkir','башҡорт теле'),('be','Belarusian','Беларуская'),('bg','Bulgarian','български език'),('bh','Bihari','भोजपुरी'),('bi','Bislama','Bislama'),('bm','Bambara','bamanankan'),('bn','Bengali','বাংলা'),('bo','Tibetan Standard, Tibetan, Central','བོད་ཡིག'),('br','Breton','brezhoneg'),('bs','Bosnian','bosanski jezik'),('ca','Catalan; Valencian','Català'),('ce','Chechen','нохчийн мотт'),('ch','Chamorro','Chamoru'),('co','Corsican','corsu, lingua corsa'),('cr','Cree','ᓀᐦᐃᔭᐍᐏᐣ'),('cs','Czech','česky, čeština'),('cu','Old Church Slavonic, Church Slavic, Church Slavonic, Old Bulgarian, Old Slavonic','ѩзыкъ словѣньскъ'),('cv','Chuvash','чӑваш чӗлхи'),('cy','Welsh','Cymraeg'),('da','Danish','dansk'),('de','German','Deutsch'),('dv','Divehi; Dhivehi; Maldivian;','ދިވެހި'),('ee','Ewe','Eʋegbe'),('el','Greek, Modern','Ελληνικά'),('en','English','English'),('eo','Esperanto','Esperanto'),('es','Spanish; Castilian','español, castellano'),('et','Estonian','eesti, eesti keel'),('eu','Basque','euskara, euskera'),('fa','Persian','فارسی'),('ff','Fula; Fulah; Pulaar; Pular','Fulfulde, Pulaar, Pular'),('fi','Finnish','suomi, suomen kieli'),('fj','Fijian','vosa Vakaviti'),('fo','Faroese','føroyskt'),('fr','French','français, langue française'),('fy','Western Frisian','Frysk'),('ga','Irish','Gaeilge'),('gd','Scottish Gaelic; Gaelic','Gàidhlig'),('gl','Galician','Galego'),('gn','Guaraní','Avañeẽ'),('gu','Gujarati','ગુજરાતી'),('gv','Manx','Gaelg, Gailck'),('ha','Hausa','Hausa, هَوُسَ'),('he','Hebrew (modern)','עברית'),('hi','Hindi','हिन्दी, हिंदी'),('ho','Hiri Motu','Hiri Motu'),('hr','Croatian','hrvatski'),('ht','Haitian; Haitian Creole','Kreyòl ayisyen'),('hu','Hungarian','Magyar'),('hy','Armenian','Հայերեն'),('hz','Herero','Otjiherero'),('ia','Interlingua','Interlingua'),('id','Indonesian','Bahasa Indonesia'),('ie','Interlingue','Originally called Occidental; then Interlingue after WWII'),('ig','Igbo','Asụsụ Igbo'),('ii','Nuosu','ꆈꌠ꒿ Nuosuhxop'),('ik','Inupiaq','Iñupiaq, Iñupiatun'),('io','Ido','Ido'),('is','Icelandic','Íslenska'),('it','Italian','Italiano'),('iu','Inuktitut','ᐃᓄᒃᑎᑐᑦ'),('ja','Japanese','日本語 (にほんご／にっぽんご)'),('jv','Javanese','basa Jawa'),('ka','Georgian','ქართული'),('kg','Kongo','KiKongo'),('ki','Kikuyu, Gikuyu','Gĩkũyũ'),('kj','Kwanyama, Kuanyama','Kuanyama'),('kk','Kazakh','Қазақ тілі'),('kl','Kalaallisut, Greenlandic','kalaallisut, kalaallit oqaasii'),('km','Khmer','ភាសាខ្មែរ'),('kn','Kannada','ಕನ್ನಡ'),('ko','Korean','한국어 (韓國語), 조선말 (朝鮮語)'),('kr','Kanuri','Kanuri'),('ks','Kashmiri','कश्मीरी, كشميري‎'),('ku','Kurdish','Kurdî, كوردی‎'),('kv','Komi','коми кыв'),('kw','Cornish','Kernewek'),('ky','Kirghiz, Kyrgyz','кыргыз тили'),('la','Latin','latine, lingua latina'),('lb','Luxembourgish, Letzeburgesch','Lëtzebuergesch'),('lg','Luganda','Luganda'),('li','Limburgish, Limburgan, Limburger','Limburgs'),('ln','Lingala','Lingála'),('lo','Lao','ພາສາລາວ'),('lt','Lithuanian','lietuvių kalba'),('lu','Luba-Katanga',''),('lv','Latvian','latviešu valoda'),('mg','Malagasy','Malagasy fiteny'),('mh','Marshallese','Kajin M̧ajeļ'),('mi','Māori','te reo Māori'),('mk','Macedonian','македонски јазик'),('ml','Malayalam','മലയാളം'),('mn','Mongolian','монгол'),('mr','Marathi (Marāṭhī)','मराठी'),('ms','Malay','bahasa Melayu, بهاس ملايو‎'),('mt','Maltese','Malti'),('my','Burmese','ဗမာစာ'),('na','Nauru','Ekakairũ Naoero'),('nb','Norwegian Bokmål','Norsk bokmål'),('nd','North Ndebele','isiNdebele'),('ne','Nepali','नेपाली'),('ng','Ndonga','Owambo'),('nl','Dutch','Nederlands, Vlaams'),('nn','Norwegian Nynorsk','Norsk nynorsk'),('no','Norwegian','Norsk'),('nr','South Ndebele','isiNdebele'),('nv','Navajo, Navaho','Diné bizaad, Dinékʼehǰí'),('ny','Chichewa; Chewa; Nyanja','chiCheŵa, chinyanja'),('oc','Occitan','Occitan'),('oj','Ojibwe, Ojibwa','ᐊᓂᔑᓈᐯᒧᐎᓐ'),('om','Oromo','Afaan Oromoo'),('or','Oriya','ଓଡ଼ିଆ'),('os','Ossetian, Ossetic','ирон æвзаг'),('pa','Panjabi, Punjabi','ਪੰਜਾਬੀ, پنجابی‎'),('pi','Pāli','पाऴि'),('pl','Polish','polski'),('ps','Pashto, Pushto','پښتو'),('pt','Portuguese','Português'),('qu','Quechua','Runa Simi, Kichwa'),('rm','Romansh','rumantsch grischun'),('rn','Kirundi','kiRundi'),('ro','Romanian, Moldavian, Moldovan','română'),('ru','Russian','русский язык'),('rw','Kinyarwanda','Ikinyarwanda'),('sa','Sanskrit (Saṁskṛta)','संस्कृतम्'),('sc','Sardinian','sardu'),('sd','Sindhi','सिन्धी, سنڌي، سندھی‎'),('se','Northern Sami','Davvisámegiella'),('sg','Sango','yângâ tî sängö'),('si','Sinhala, Sinhalese','සිංහල'),('sk','Slovak','slovenčina'),('sl','Slovene','slovenščina'),('sm','Samoan','gagana faa Samoa'),('sn','Shona','chiShona'),('so','Somali','Soomaaliga, af Soomaali'),('sq','Albanian','Shqip'),('sr','Serbian','српски језик'),('ss','Swati','SiSwati'),('st','Southern Sotho','Sesotho'),('su','Sundanese','Basa Sunda'),('sv','Swedish','svenska'),('sw','Swahili','Kiswahili'),('ta','Tamil','தமிழ்'),('te','Telugu','తెలుగు'),('tg','Tajik','тоҷикӣ, toğikī, تاجیکی‎'),('th','Thai','ไทย'),('ti','Tigrinya','ትግርኛ'),('tk','Turkmen','Türkmen, Түркмен'),('tl','Tagalog','Wikang Tagalog, ᜏᜒᜃᜅ᜔ ᜆᜄᜎᜓᜄ᜔'),('tn','Tswana','Setswana'),('to','Tonga (Tonga Islands)','faka Tonga'),('tr','Turkish','Türkçe'),('ts','Tsonga','Xitsonga'),('tt','Tatar','татарча, tatarça, تاتارچا‎'),('tw','Twi','Twi'),('ty','Tahitian','Reo Tahiti'),('ug','Uighur, Uyghur','Uyƣurqə, ئۇيغۇرچە‎'),('uk','Ukrainian','українська'),('ur','Urdu','اردو'),('uz','Uzbek','zbek, Ўзбек, أۇزبېك‎'),('ve','Venda','Tshivenḓa'),('vi','Vietnamese','Tiếng Việt'),('vo','Volapük','Volapük'),('wa','Walloon','Walon'),('wo','Wolof','Wollof'),('xh','Xhosa','isiXhosa'),('yi','Yiddish','ייִדיש'),('yo','Yoruba','Yorùbá'),('za','Zhuang, Chuang','Saɯ cueŋƅ, Saw cuengh'),('zh','Chinese','中文 (Zhōngwén), 汉语, 漢語');
/*!40000 ALTER TABLE `sprache` ENABLE KEYS */;
UNLOCK TABLES;

--
-- Table structure for table `stadt`
--

DROP TABLE IF EXISTS `stadt`;
/*!40101 SET @saved_cs_client     = @@character_set_client */;
/*!40101 SET character_set_client = utf8 */;
CREATE TABLE `stadt` (
  `sid` bigint(20) NOT NULL AUTO_INCREMENT,
  `name` varchar(100) COLLATE utf8mb4_unicode_ci NOT NULL,
  `lid` bigint(20) NOT NULL,
  `bid` bigint(20) DEFAULT NULL,
  PRIMARY KEY (`sid`),
  KEY `stadt_lid_fk` (`lid`),
  CONSTRAINT `stadt_lid_fk` FOREIGN KEY (`lid`) REFERENCES `land` (`lid`) ON UPDATE CASCADE
) ENGINE=InnoDB AUTO_INCREMENT=975 DEFAULT CHARSET=utf8mb4 COLLATE=utf8mb4_unicode_ci;
/*!40101 SET character_set_client = @saved_cs_client */;

--
-- Dumping data for table `stadt`
--

LOCK TABLES `stadt` WRITE;
/*!40000 ALTER TABLE `stadt` DISABLE KEYS */;
INSERT INTO `stadt` VALUES (1,'Novozavidovskiy',1,NULL),(2,'Aba',2,NULL),(3,'Mayorga',3,NULL),(4,'Tadjoura',4,NULL),(5,'El Estor',5,NULL),(6,'Chãos',6,NULL),(7,'Nemours',7,NULL),(8,'Porto Calvo',8,NULL),(9,'Lubao',9,NULL),(10,'Iza',10,NULL),(11,'Zamboanga',3,NULL),(12,'Nizhniy Tagil',1,NULL),(13,'Dalumangcob',3,NULL),(14,'Campos do Jordão',8,NULL),(15,'Noemuti',11,NULL),(16,'Apaga',12,NULL),(17,'Dmitriyevka',1,NULL),(18,'Daba',13,NULL),(19,'Konduga',2,NULL),(20,'Babakanbandung',11,NULL),(21,'Almeirim',6,NULL),(22,'Xinsheng',13,NULL),(23,'Fuxing',13,NULL),(24,'Shido',14,NULL),(25,'Neiva',15,NULL),(26,'Tân Châu',16,NULL),(27,'Évreux',7,NULL),(28,'Brocēni',17,NULL),(29,'Kamenica',18,NULL),(30,'Obong',3,NULL),(31,'Krzeszów',19,NULL),(32,'Al Minyā',20,NULL),(33,'Anping',13,NULL),(34,'Guaramirim',8,NULL),(35,'Arroyo Naranjo',21,NULL),(36,'Newmarket',22,NULL),(37,'Montpellier',7,NULL),(38,'Zhujiatai',13,NULL),(39,'Calzada Larga',23,NULL),(40,'Dougou',13,NULL),(41,'Prinza',3,NULL),(42,'Chiba',13,NULL),(43,'Donostia-San Sebastian',24,NULL),(44,'Sumberbening',11,NULL),(45,'Lingqian',13,NULL),(46,'Bocana de Paiwas',25,NULL),(47,'Candelaria',3,NULL),(48,'San Juan de la Maguana',26,NULL),(49,'Lethem',27,NULL),(50,'La Libertad',28,NULL),(51,'Jagong',11,NULL),(52,'Čížkovice',29,NULL),(53,'Cikawung',11,NULL),(54,'Grand Junction',30,NULL),(55,'Suvorovo',31,NULL),(56,'Tarasovskiy',1,NULL),(57,'Leping',13,NULL),(58,'Karangharjo',11,NULL),(59,'Pau',7,NULL),(60,'Dasheng',13,NULL),(61,'Sankanan',3,NULL),(62,'Piracicaba',8,NULL),(63,'Nueva Germania',32,NULL),(64,'Mirovka',10,NULL),(65,'Kalibaru',11,NULL),(66,'Novokhovrino',1,NULL),(67,'Lamduan',33,NULL),(68,'El Bolsón',34,NULL),(69,'Nyköping',35,NULL),(70,'Shuigou',13,NULL),(71,'Kalāt',36,NULL),(72,'Cancela',6,NULL),(73,'Kowingir',11,NULL),(74,'El Agua Dulcita',37,NULL),(75,'Pathum Thani',33,NULL),(76,'Purranque',38,NULL),(77,'Nangka',11,NULL),(78,'Tashang',13,NULL),(79,'Juegang',13,NULL),(80,'Guolemude',13,NULL),(81,'Shanggu',13,NULL),(82,'Chambas',21,NULL),(83,'Vera Cruz',8,NULL),(84,'Noisy-le-Grand',7,NULL),(85,'Veles',39,NULL),(86,'Cibolek Kidul',11,NULL),(87,'Magdalena',40,NULL),(88,'Parzęczew',19,NULL),(89,'Ruangwa',41,NULL),(90,'Xarag',13,NULL),(91,'Walnut Grove',22,NULL),(92,'Samouco',6,NULL),(93,'Kugesi',1,NULL),(94,'Antigonish',22,NULL),(95,'Qamdo',13,NULL),(96,'Nicolet',22,NULL),(97,'Kotauneng',11,NULL),(98,'Nīca',17,NULL),(99,'Ovidiopol’',10,NULL),(100,'Ágios Stéfanos',42,NULL),(101,'Ban Lam Luk Ka',33,NULL),(102,'Arari',8,NULL),(103,'Noyemberyan',12,NULL),(104,'Vitória do Mearim',8,NULL),(105,'Daping',13,NULL),(106,'Wangdain',13,NULL),(107,'Somba',11,NULL),(108,'Salaspils',17,NULL),(109,'Cianorte',8,NULL),(110,'Santo Niño',3,NULL),(111,'Onzaga',15,NULL),(112,'Rencun',13,NULL),(113,'Polanica-Zdrój',19,NULL),(114,'San Jose del Monte',3,NULL),(115,'Chendong',13,NULL),(116,'Zhengguo',13,NULL),(117,'Köping',35,NULL),(118,'Carvalhos',6,NULL),(119,'San Isidro',3,NULL),(120,'Man',43,NULL),(121,'Hehe',13,NULL),(122,'Rio Grande da Serra',8,NULL),(123,'Maganha',6,NULL),(124,'Osypenko',10,NULL),(125,'South Bend',30,NULL),(126,'Boxholm',35,NULL),(127,'Oltinko’l',44,NULL),(128,'Bataiporã',8,NULL),(129,'Barong',3,NULL),(130,'Medicine Hat',22,NULL),(131,'Gouménissa',42,NULL),(132,'Ribnica na Pohorju',45,NULL),(133,'Dongyuan',13,NULL),(134,'Bipolo',11,NULL),(135,'Thawi Watthana',33,NULL),(136,'Dehui',13,NULL),(137,'Ledeunu',11,NULL),(138,'Tukbur',11,NULL),(139,'Penco',38,NULL),(140,'Rožmitál pod Třemšínem',29,NULL),(141,'Nahura',11,NULL),(142,'Eloy Alfaro',46,NULL),(143,'Qinghu',13,NULL),(144,'Berezayka',1,NULL),(145,'Raglan',47,NULL),(146,'Komysh-Zorya',10,NULL),(147,'Maliq',48,NULL),(148,'Otuzco',40,NULL),(149,'Molochnoye',1,NULL),(150,'Mankoeng',49,NULL),(151,'Sofádes',42,NULL),(152,'Huitong',13,NULL),(153,'Pejukutan',11,NULL),(154,'Dusun Desa Bunter',11,NULL),(155,'Xinxu',13,NULL),(156,'Měnín',29,NULL),(157,'At Tall al Kabīr',20,NULL),(158,'Shunyi',13,NULL),(159,'Tubo',3,NULL),(160,'Sinamar',3,NULL),(161,'Toledo',30,NULL),(162,'Lugu',13,NULL),(163,'Gongjiahe',13,NULL),(164,'Kalapagada',11,NULL),(165,'Yawata',14,NULL),(166,'Kakaek',11,NULL),(167,'Dourbali',50,NULL),(168,'Rangpur',51,NULL),(169,'Gœsdorf',52,NULL),(170,'Manfalūţ',20,NULL),(171,'Isanlu Itedoijowa',2,NULL),(172,'Minanga Norte',3,NULL),(173,'Kitakyūshū',14,NULL),(174,'Zamora',46,NULL),(175,'Agidel’',1,NULL),(176,'Cartagena',38,NULL),(177,'Kanluran',3,NULL),(178,'Sundsvall',35,NULL),(179,'Lazurne',10,NULL),(180,'Sundre',22,NULL),(181,'Lanyi',13,NULL),(182,'Dassa-Zoumé',53,NULL),(183,'Gävle',35,NULL),(184,'Pilawa',19,NULL),(185,'Thị Trấn Mộc Châu',16,NULL),(186,'Tallahassee',30,NULL),(187,'Tarica',40,NULL),(188,'Calubcub Dos',3,NULL),(189,'Xiaoyangqi',13,NULL),(190,'Marinhais',6,NULL),(191,'Zalaegerszeg',54,NULL),(192,'Hongqi',13,NULL),(193,'Bedadung Kulon',11,NULL),(194,'Haihui',13,NULL),(195,'Tahara',14,NULL),(196,'Na Tan',33,NULL),(197,'Bagou',13,NULL),(198,'Bestala',11,NULL),(199,'Kanigorokrajan',11,NULL),(200,'Houston',30,NULL),(201,'Starigrad',55,NULL),(202,'Catriel',34,NULL),(203,'Huité',5,NULL),(204,'El Quebrachal',34,NULL),(205,'Yongyang',13,NULL),(206,'Tangtou',13,NULL),(207,'Shuyuan Zhen',13,NULL),(208,'Sumberrejo',11,NULL),(209,'Kalinovskoye',1,NULL),(210,'Dongshangen',13,NULL),(211,'Morteros',34,NULL),(212,'Villanueva',15,NULL),(213,'Mendoza',34,NULL),(214,'Pizhma',1,NULL),(215,'Tyre',56,NULL),(216,'Uherský Brod',29,NULL),(217,'Guatire',57,NULL),(218,'Oyam',58,NULL),(219,'Aldergrove',22,NULL),(220,'Lukićevo',59,NULL),(221,'Chengbei',13,NULL),(222,'Foúrnoi',42,NULL),(223,'Sotnikovskoye',1,NULL),(224,'Stockholm',35,NULL),(225,'Serang',11,NULL),(226,'Qingyuan',13,NULL),(227,'Rosa Zarate',46,NULL),(228,'Jatirejo',11,NULL),(229,'Lucerna',37,NULL),(230,'Rubizhne',10,NULL),(231,'Jayaraga Kaler',11,NULL),(232,'Jiḩānah',60,NULL),(233,'Xike',13,NULL),(234,'Anna Regina',27,NULL),(235,'Claremont',49,NULL),(236,'Konso',61,NULL),(237,'Rio',6,NULL),(238,'Tanda',20,NULL),(239,'Grahamstown',49,NULL),(240,'Pitanga',8,NULL),(241,'Shenji',13,NULL),(242,'Nantes',7,NULL),(243,'Iwata',14,NULL),(244,'Banjar Delodrurung',11,NULL),(245,'Masis',12,NULL),(246,'Georgiyevka',1,NULL),(247,'Krajan Pundungsari',11,NULL),(248,'Tulihe',13,NULL),(249,'Konakridee',62,NULL),(250,'Doushaguan',13,NULL),(251,'Besuki',11,NULL),(252,'Tarbes',7,NULL),(253,'Nagarakembang',11,NULL),(254,'Ceuta',24,NULL),(255,'Wushan',13,NULL),(256,'Linxihe',13,NULL),(257,'Praia da Barra',6,NULL),(258,'Sorokino',1,NULL),(259,'San Pedro',3,NULL),(260,'Gaoqiaolou',13,NULL),(261,'Cannes',7,NULL),(262,'Anse Royale',63,NULL),(263,'Sakata',14,NULL),(264,'Maria Cristina',3,NULL),(265,'Muyuzi',13,NULL),(266,'Korenovsk',1,NULL),(267,'Pasiragung',11,NULL),(268,'Shahr-e Şafā',64,NULL),(269,'Bhamdoun',56,NULL),(270,'Gwaram',2,NULL),(271,'Alak',11,NULL),(272,'Outokumpu',65,NULL),(273,'Lahuaytambo',40,NULL),(274,'Ponte',6,NULL),(275,'Tianzhen',13,NULL),(276,'Trelleborg',35,NULL),(277,'Villefranche-sur-Mer',7,NULL),(278,'Shuiyuan',13,NULL),(279,'Cieurih Satu',11,NULL),(280,'Bali',66,NULL),(281,'Avignon',7,NULL),(282,'Bonga',3,NULL),(283,'Shifo',13,NULL),(284,'Grimshaw',22,NULL),(285,'Yangi-Nishon Shahri',44,NULL),(286,'Tangxian',13,NULL),(287,'Yakimovo',31,NULL),(288,'Jindřichov',29,NULL),(289,'Cruz del Eje',34,NULL),(290,'San Sebastian',28,NULL),(291,'Lady Frere',49,NULL),(292,'Nansheng',13,NULL),(293,'Evijärvi',65,NULL),(294,'Deshan',13,NULL),(295,'Banjar Bongangede',11,NULL),(296,'Lapid',67,NULL),(297,'Nacaome',37,NULL),(298,'Langkou',13,NULL),(299,'Bradenton',30,NULL),(300,'Banī Suwayf',20,NULL),(301,'Dek’emhāre',68,NULL),(302,'Khasavyurt',1,NULL),(303,'Uppsala',35,NULL),(304,'Virojoki',65,NULL),(305,'Mengxi',13,NULL),(306,'Gereshk',64,NULL),(307,'Krajan Tanjungrejo',11,NULL),(308,'Samajie Ewenkeminzu',13,NULL),(309,'Tiantai Chengguanzhen',13,NULL),(310,'Peukanbada',11,NULL),(311,'Mayuge',58,NULL),(312,'Puro Pinget',3,NULL),(313,'Leles',11,NULL),(314,'Ozatlán',69,NULL),(315,'Davao',3,NULL),(316,'Ben Arous',70,NULL),(317,'Mbinga',41,NULL),(318,'Pancas',8,NULL),(319,'Vasyl\'evsky Ostrov',1,NULL),(320,'Carcarañá',34,NULL),(321,'Bridgewater',22,NULL),(322,'Al Wardānīn',70,NULL),(323,'Qaxa',13,NULL),(324,'La Plata',15,NULL),(325,'Kazinka',1,NULL),(326,'Mirontsi',71,NULL),(327,'Raša',55,NULL),(328,'Ikang',2,NULL),(329,'Dushanbe',72,NULL),(330,'Lamadong',11,NULL),(331,'Juan Santiago',26,NULL),(332,'Xiaodukou',13,NULL),(333,'Yanglinwei',13,NULL),(334,'Oslo',73,NULL),(335,'Hengyang',13,NULL),(336,'Ostrožac',74,NULL),(337,'Ouro Preto',8,NULL),(338,'Shashemenē',61,NULL),(339,'Mingyihe',13,NULL),(340,'Cayang',3,NULL),(341,'Alamar',21,NULL),(342,'Balatero',3,NULL),(343,'Kotel',31,NULL),(344,'Węgliniec',19,NULL),(345,'Bagong Sikat',3,NULL),(346,'Wotan',11,NULL),(347,'Pueblo',30,NULL),(348,'Tugulym',1,NULL),(349,'Rizal',3,NULL),(350,'Kidričevo',45,NULL),(351,'Ripky',10,NULL),(352,'Agarsin',13,NULL),(353,'Beisijia',13,NULL),(354,'Barra Bonita',8,NULL),(355,'Songculan',3,NULL),(356,'Nýdek',29,NULL),(357,'Yangjiafang',13,NULL),(358,'Morón',34,NULL),(359,'‘Ayn an Nasr',75,NULL),(360,'Lasiana',11,NULL),(361,'Rušanj',59,NULL),(362,'Xiaocheng',13,NULL),(363,'Soio',76,NULL),(364,'Paris La Défense',7,NULL),(365,'Kiiminki',65,NULL),(366,'Pasirmukti',11,NULL),(367,'Chapelton',77,NULL),(368,'Matozinhos',8,NULL),(369,'Gataivai',78,NULL),(370,'Itapetinga',8,NULL),(371,'Guangshan',13,NULL),(372,'Sanxing',13,NULL),(373,'Khirdalan',79,NULL),(374,'Joševa',59,NULL),(375,'Koupéla',80,NULL),(376,'Montepuez',81,NULL),(377,'Bang Lamung',33,NULL),(378,'Eydhafushi',82,NULL),(379,'Vila Franca das Naves',6,NULL),(380,'Ōzu',14,NULL),(381,'Těšany',29,NULL),(382,'Katrineholm',35,NULL),(383,'Sibucao',3,NULL),(384,'Khromtau',83,NULL),(385,'Otradnoye',1,NULL),(386,'Xinghua',13,NULL),(387,'Indaial',8,NULL),(388,'Krajan Puger Wetan',11,NULL),(389,'Palmira',21,NULL),(390,'Watodei',11,NULL),(391,'Bohou',13,NULL),(392,'Dawusu',13,NULL),(393,'Rumenka',59,NULL),(394,'Yingdianjie',13,NULL),(395,'P’rimorsk’oe',84,NULL),(396,'Rubik',48,NULL),(397,'Kez',1,NULL),(398,'Baqiu',13,NULL),(399,'Ouahigouya',80,NULL),(400,'Pokrovskoye',1,NULL),(401,'Hallsberg',35,NULL),(402,'Al Fashn',20,NULL),(403,'Kiupo',3,NULL),(404,'Umuahia',2,NULL),(405,'Yonggu',13,NULL),(406,'Bayan',13,NULL),(407,'Fuhai',13,NULL),(408,'Charlotte',30,NULL),(409,'Ilesa',2,NULL),(410,'Reims',7,NULL),(411,'Heishan',13,NULL),(412,'Skovorodino',1,NULL),(413,'Hobor',13,NULL),(414,'Tarimbang',11,NULL),(415,'Lindome',35,NULL),(416,'Shigu',13,NULL),(417,'Biguaçu',8,NULL),(418,'Lichinga',81,NULL),(419,'Nanmuping',13,NULL),(420,'Inkerman',10,NULL),(421,'Shuanggang',13,NULL),(422,'Čapljina',74,NULL),(423,'Köln',85,NULL),(424,'Safonovo',1,NULL),(425,'Santo Antônio do Amparo',8,NULL),(426,'Vareiá',42,NULL),(427,'Ambelókipoi',42,NULL),(428,'Imielin',19,NULL),(429,'Lascano',86,NULL),(430,'Tambaú',8,NULL),(431,'Västervik',35,NULL),(432,'Jinghai',13,NULL),(433,'Kampinos',19,NULL),(434,'Paranavaí',8,NULL),(435,'Lužani',55,NULL),(436,'Mengdadazhuang',13,NULL),(437,'Nikita',10,NULL),(438,'Dalgān',87,NULL),(439,'Xinhui',13,NULL),(440,'Maubeuge',7,NULL),(441,'Sijunjung',11,NULL),(442,'Djibo',80,NULL),(443,'Xiaoxi',13,NULL),(444,'Randuboto',11,NULL),(445,'Pyhäselkä',65,NULL),(446,'Sosándra',42,NULL),(447,'Gualeguay',34,NULL),(448,'Lucun',13,NULL),(449,'New York City',30,NULL),(450,'Xiangyun',13,NULL),(451,'São Domingos do Maranhão',8,NULL),(452,'Zhaojia',13,NULL),(453,'Huangqi',13,NULL),(454,'Xiushi',13,NULL),(455,'Mont-Saint-Hilaire',22,NULL),(456,'Tashkent',44,NULL),(457,'Pokrov',1,NULL),(458,'Bosaso',88,NULL),(459,'Inari',65,NULL),(460,'Jargalant',89,NULL),(461,'Káto Asítai',42,NULL),(462,'Penanggapan',11,NULL),(463,'Jiaoshanhe',13,NULL),(464,'Baiyashi',13,NULL),(465,'Cevicos',26,NULL),(466,'Italó',34,NULL),(467,'Barra Mansa',8,NULL),(468,'Molinos',34,NULL),(469,'Shanghu',13,NULL),(470,'Shiniu',13,NULL),(471,'Orda',1,NULL),(472,'Río Cuarto',34,NULL),(473,'Kruševo',55,NULL),(474,'Puerto Alto',37,NULL),(475,'Kasugai',14,NULL),(476,'Gaborone',90,NULL),(477,'Lewokluok',11,NULL),(478,'Tempeh Tengah',11,NULL),(479,'Vila do Bispo',6,NULL),(480,'Baratleke',11,NULL),(481,'‘Irbīn',75,NULL),(482,'Nakhon Nayok',33,NULL),(483,'Tak',33,NULL),(484,'Łapanów',19,NULL),(485,'Telč',29,NULL),(486,'Pandan',3,NULL),(487,'Queenstown',49,NULL),(488,'Guaranda',46,NULL),(489,'Shahrisabz Shahri',44,NULL),(490,'Bal’shavik',91,NULL),(491,'Istaravshan',72,NULL),(492,'Curiapo',57,NULL),(493,'Guayaramerín',92,NULL),(494,'Sarnaki',19,NULL),(495,'Mākū',87,NULL),(496,'Lishu',13,NULL),(497,'Bayanbulag',89,NULL),(498,'Kajok',93,NULL),(499,'Irkliyevskaya',1,NULL),(500,'Bordeaux',7,NULL),(501,'Zhuangke',13,NULL),(502,'Évlalo',42,NULL),(503,'Xicheng',13,NULL),(504,'Raymond',22,NULL),(505,'Hengfan',13,NULL),(506,'Nanshan',13,NULL),(507,'Putang',13,NULL),(508,'Tonekābon',87,NULL),(509,'Longhua',13,NULL),(510,'Seropédica',8,NULL),(511,'Santa Bárbara de Padrões',6,NULL),(512,'Ying’ebu',13,NULL),(513,'Simunul',3,NULL),(514,'Gori',84,NULL),(515,'Barreirinhas',8,NULL),(516,'Novopokrovka',1,NULL),(517,'Quartier Morin',94,NULL),(518,'Yumendong',13,NULL),(519,'Kyoto',14,NULL),(520,'Kālābāgh',36,NULL),(521,'Rochester',30,NULL),(522,'Karavan',95,NULL),(523,'Pułtusk',19,NULL),(524,'Sainte-Luce-sur-Loire',7,NULL),(525,'Janeng',90,NULL),(526,'Muzambinho',8,NULL),(527,'Bogovinje',39,NULL),(528,'Maceo',15,NULL),(529,'Watunggong',11,NULL),(530,'Shiyun',13,NULL),(531,'Kasamwa',41,NULL),(532,'Konsoy',72,NULL),(533,'Guantian',13,NULL),(534,'Sapu Padidu',3,NULL),(535,'Dolno Palčište',39,NULL),(536,'Manacapuru',8,NULL),(537,'Flores da Cunha',8,NULL),(538,'Tanjungbalai',11,NULL),(539,'Kauditan',11,NULL),(540,'Kitamilo',58,NULL),(541,'Kuzovatovo',1,NULL),(542,'San Silvestre',57,NULL),(543,'Huangshi',13,NULL),(544,'Tomislavgrad',74,NULL),(545,'Saint Lucia',96,NULL),(546,'Chang’an',13,NULL),(547,'Holguín',21,NULL),(548,'Juigalpa',25,NULL),(549,'Hanchang',13,NULL),(550,'Ranot',33,NULL),(551,'Luoshan',13,NULL),(552,'San Luis',37,NULL),(553,'Talisay',3,NULL),(554,'Londiani',97,NULL),(555,'Kulonkali',11,NULL),(556,'Krasnokamsk',1,NULL),(557,'Mopti',98,NULL),(558,'Maromme',7,NULL),(559,'Lyozna',91,NULL),(560,'Miguel Hidalgo',28,NULL),(561,'Pondokaso',11,NULL),(562,'Il’ka',1,NULL),(563,'Cabangahan',3,NULL),(564,'Huancapallac',40,NULL),(565,'Ishiki',14,NULL),(566,'Kabalen',3,NULL),(567,'Haukivuori',65,NULL),(568,'Radocza',19,NULL),(569,'Sŭedinenie',31,NULL),(570,'Ngreco',11,NULL),(571,'Sarapul',1,NULL),(572,'Jiawu',13,NULL),(573,'Aeteke',11,NULL),(574,'Jovellanos',21,NULL),(575,'Zhongwei',13,NULL),(576,'Ngrejo',11,NULL),(577,'Chumphon Buri',33,NULL),(578,'Mae Chan',33,NULL),(579,'Cidadap',11,NULL),(580,'Pagedangan',11,NULL),(581,'Beauvais',7,NULL),(582,'Sukorejo',11,NULL),(583,'Igaraçu do Tietê',8,NULL),(584,'Itapemirim',8,NULL),(585,'Wailebe',11,NULL),(586,'Fontem',66,NULL),(587,'Roi Et',33,NULL),(588,'Akráta',42,NULL),(589,'Kunčina',29,NULL),(590,'Bus’k',10,NULL),(591,'Viña del Mar',38,NULL),(592,'Mayfa‘ah',60,NULL),(593,'Battambang',99,NULL),(594,'Iwase',14,NULL),(595,'Sarzedo',6,NULL),(596,'Estrada',6,NULL),(597,'Bistrinci',55,NULL),(598,'Kinatakutan',3,NULL),(599,'Chợ Lầu',16,NULL),(600,'Tamot',33,NULL),(601,'Yangcun',13,NULL),(602,'Wailang',13,NULL),(603,'Quanxi',13,NULL),(604,'Bulod',3,NULL),(605,'Khuzdār',36,NULL),(606,'Hohoe',100,NULL),(607,'Xiejiaya',13,NULL),(608,'Yatsuomachi-higashikumisaka',14,NULL),(609,'Benoni',49,NULL),(610,'Sremski Karlovci',59,NULL),(611,'Santa Cruz',28,NULL),(612,'Mīāndoāb',87,NULL),(613,'Xiangshan',13,NULL),(614,'Dashtobod',44,NULL),(615,'Shuangqiao',13,NULL),(616,'Cácota',15,NULL),(617,'Manzanares',15,NULL),(618,'Kostomuksha',1,NULL),(619,'Escazú',101,NULL),(620,'Tengah',11,NULL),(621,'El Socorro',37,NULL),(622,'Wadi',13,NULL),(623,'Weishan',13,NULL),(624,'Vista Hermosa',28,NULL),(625,'Galveias',6,NULL),(626,'Nałęczów',19,NULL),(627,'San Diego',28,NULL),(628,'Vil’nyans’k',10,NULL),(629,'Banjar Medura',11,NULL),(630,'Jihlava',29,NULL),(631,'Xinzhai',13,NULL),(632,'Athens',42,NULL),(633,'Golug',13,NULL),(634,'Tenjolaya',11,NULL),(635,'Krouna',29,NULL),(636,'Krajan',11,NULL),(637,'Seixezelo',6,NULL),(638,'Shishang',13,NULL),(639,'Kiloloran',3,NULL),(640,'Nakanojōmachi',14,NULL),(641,'Maputi',3,NULL),(642,'Gonghe',13,NULL),(643,'Pergan',11,NULL),(644,'Dalu',13,NULL),(645,'Lipovljani',55,NULL),(646,'Xiaogang',13,NULL),(647,'Paso de Carrasco',86,NULL),(648,'Unecha',1,NULL),(649,'Warwick',22,NULL),(650,'San Ramón',40,NULL),(651,'Hedong',13,NULL),(652,'Kamimaruko',14,NULL),(653,'Dhidhdhoo',82,NULL),(654,'Xuxiake',13,NULL),(655,'Gereykhanovskoye',1,NULL),(656,'Jose Maria Morelos',28,NULL),(657,'Yuefeng',13,NULL),(658,'Xinxing',13,NULL),(659,'Kitakata',14,NULL),(660,'Cinco Saltos',34,NULL),(661,'Vilarinho das Cambas',6,NULL),(662,'Vatutino',1,NULL),(663,'Chojnów',19,NULL),(664,'Allealle',11,NULL),(665,'Betulia',15,NULL),(666,'Vyzhnytsya',10,NULL),(667,'Buin',38,NULL),(668,'Forbach',7,NULL),(669,'Carhué',34,NULL),(670,'Rymättylä',65,NULL),(671,'Xinglong',13,NULL),(672,'Brest',7,NULL),(673,'Guachucal',15,NULL),(674,'Omaha',30,NULL),(675,'Kalino',1,NULL),(676,'Vrakháti',42,NULL),(677,'Calibungan',3,NULL),(678,'Petaling Jaya',102,NULL),(679,'Hispania',15,NULL),(680,'Miraflores',6,NULL),(681,'Nobo',11,NULL),(682,'Haixing',13,NULL),(683,'Lameiras',6,NULL),(684,'Nytva',1,NULL),(685,'Hetang',13,NULL),(686,'Gunungkendeng',11,NULL),(687,'Jojoima',62,NULL),(688,'Słońsk',19,NULL),(689,'Huibu',13,NULL),(690,'Židlochovice',29,NULL),(691,'Tromsø',73,NULL),(692,'Chatou',13,NULL),(693,'Kista',35,NULL),(694,'Trondheim',73,NULL),(695,'Liujiachang',13,NULL),(696,'Danyang',13,NULL),(697,'Alcácer do Sal',6,NULL),(698,'Graneros',38,NULL),(699,'Klumpit',11,NULL),(700,'Baimiao',13,NULL),(701,'Qinshi',13,NULL),(702,'Wulijie',13,NULL),(703,'Parys',49,NULL),(704,'Archis',12,NULL),(705,'Ko Pha Ngan',33,NULL),(706,'Clarin',3,NULL),(707,'Gostivar',39,NULL),(708,'Zhishan',13,NULL),(709,'Kalynivka',10,NULL),(710,'Torres',8,NULL),(711,'Berón de Astrada',34,NULL),(712,'Sandefjord',73,NULL),(713,'São Raimundo Nonato',8,NULL),(714,'Las Sabanas',25,NULL),(715,'Naga',3,NULL),(716,'Wŏnju',103,NULL),(717,'København',104,NULL),(718,'Pyetrykaw',91,NULL),(719,'San José',101,NULL),(720,'Masma',40,NULL),(721,'Walakeri',11,NULL),(722,'Tigpalay',3,NULL),(723,'Lemende',6,NULL),(724,'Pata',3,NULL),(725,'Seattle',30,NULL),(726,'Vilkaviskis',105,NULL),(727,'Fort Worth',30,NULL),(728,'Iqaluit',22,NULL),(729,'Kulary',1,NULL),(730,'Malabag',3,NULL),(731,'Siwa Oasis',20,NULL),(732,'Quebracho',86,NULL),(733,'Mrgavan',12,NULL),(734,'Pagsabangan',3,NULL),(735,'Richmond',47,NULL),(736,'Villa Ángela',34,NULL),(737,'Islamey',1,NULL),(738,'Bulog',3,NULL),(739,'Wanjia',13,NULL),(740,'Snegiri',1,NULL),(741,'Badian',3,NULL),(742,'Jiazhuang',13,NULL),(743,'Dongmafang',13,NULL),(744,'Mulan',13,NULL),(745,'Strellc i Ulët',18,NULL),(746,'Imām Şāḩib',64,NULL),(747,'Liulang',13,NULL),(748,'Ningmute',13,NULL),(749,'Kuala Terengganu',102,NULL),(750,'Naukšēni',17,NULL),(751,'Dahuang',13,NULL),(752,'Jundian',13,NULL),(753,'Palmeiros',6,NULL),(754,'La Vega',15,NULL),(755,'Emmeloord',106,NULL),(756,'El Lolo',37,NULL),(757,'Ifanadiana',107,NULL),(758,'Bidbid',108,NULL),(759,'Miguel Pereira',8,NULL),(760,'Al Majd',109,NULL),(761,'Pryyutivka',10,NULL),(762,'Valenciennes',7,NULL),(763,'Lesnikovo',1,NULL),(764,'Villa del Rosario',15,NULL),(765,'Caringin Lor',11,NULL),(766,'Kut Chum',33,NULL),(767,'Querobamba',40,NULL),(768,'Norfolk',30,NULL),(769,'Banquero',3,NULL),(770,'Matumadua',11,NULL),(771,'Talalayivka',10,NULL),(772,'Kýria',42,NULL),(773,'Qujing',13,NULL),(774,'Talin Hiag',13,NULL),(775,'Socos',40,NULL),(776,'Manzanillo',21,NULL),(777,'Desakolot',11,NULL),(778,'Butwāl',110,NULL),(779,'Kampunganyar',11,NULL),(780,'Shuangnian',13,NULL),(781,'Paris 07',7,NULL),(782,'Tlutup',11,NULL),(783,'Bu‘eina',67,NULL),(784,'Przywidz',19,NULL),(785,'Macun',13,NULL),(786,'Zaozhuang',13,NULL),(787,'Lukavec',29,NULL),(788,'Yunxian Chengguanzhen',13,NULL),(789,'Santa Fe',28,NULL),(790,'Lelystad',106,NULL),(791,'Melaka',102,NULL),(792,'Lebak',11,NULL),(793,'Anningqu',13,NULL),(794,'Basarabeasca',111,NULL),(795,'Arrap’i',12,NULL),(796,'Lebedyn',10,NULL),(797,'Arras',7,NULL),(798,'Nanshi',13,NULL),(799,'Obikiik',72,NULL),(800,'Bobrov',1,NULL),(801,'Tegarenkrajan',11,NULL),(802,'Norrköping',35,NULL),(803,'San Rafael',34,NULL),(804,'Magdug',3,NULL),(805,'Belén',25,NULL),(806,'Zongjia',13,NULL),(807,'Marco de Canaveses',6,NULL),(808,'Catbalogan',3,NULL),(809,'Bondoufle',7,NULL),(810,'Blahodatne',10,NULL),(811,'Dungon',3,NULL),(812,'Selorejo',11,NULL),(813,'Campinas',8,NULL),(814,'Krasnofarfornyy',1,NULL),(815,'Manassas',30,NULL),(816,'Sorong',11,NULL),(817,'Sanshilipu',13,NULL),(818,'Zibu',13,NULL),(819,'Haquira',40,NULL),(820,'Turinsk',1,NULL),(821,'Provins',7,NULL),(822,'Sophia Antipolis',7,NULL),(823,'Malaga',24,NULL),(824,'Hengshui',13,NULL),(825,'Vila Pouca da Beira',6,NULL),(826,'Versailles',7,NULL),(827,'Brengkok',11,NULL),(828,'Baltimore',30,NULL),(829,'Kalabahi',11,NULL),(830,'Angao',13,NULL),(831,'Sada',112,NULL),(832,'Maogang',13,NULL),(833,'Al Kiswah',75,NULL),(834,'Reno',30,NULL),(835,'Palhais',6,NULL),(836,'Dengok',11,NULL),(837,'Zduńska Wola',19,NULL),(838,'Mangga Dua',11,NULL),(839,'Kuching',102,NULL),(840,'Thị Trấn Mường Tè',16,NULL),(841,'Västanfjärd',65,NULL),(842,'Tampa',30,NULL),(843,'Folques',6,NULL),(844,'Araruama',8,NULL),(845,'Dajt',48,NULL),(846,'Santa Rosa de Copán',37,NULL),(847,'Pondokkaha Kelod',11,NULL),(848,'Fucun',13,NULL),(849,'Metz',7,NULL),(850,'Pirca',40,NULL),(851,'Kaédi',113,NULL),(852,'Kamiichi',14,NULL),(853,'Longar',40,NULL),(854,'Zliten',114,NULL),(855,'Youyun',13,NULL),(856,'Shirochanka',1,NULL),(857,'Fernández',34,NULL),(858,'Chenyangzhai',13,NULL),(859,'Miłosław',19,NULL),(860,'Riachão do Jacuípe',8,NULL),(861,'Älvdalen',35,NULL),(862,'Netrakona',51,NULL),(863,'Huta Stara B',19,NULL),(864,'Povarovo',1,NULL),(865,'Várzea Alegre',8,NULL),(866,'Boje',2,NULL),(867,'Pniv',10,NULL),(868,'Finzes',6,NULL),(869,'Turanj',55,NULL),(870,'Amiens',7,NULL),(871,'Mutum',8,NULL),(872,'Dadus',3,NULL),(873,'Heshui',13,NULL),(874,'Samashki',1,NULL),(875,'Sumberagung',11,NULL),(876,'Monte Patria',38,NULL),(877,'Huinca Renancó',34,NULL),(878,'Bulacan',3,NULL),(879,'Puputan',11,NULL),(880,'Jintao',13,NULL),(881,'Rucava',17,NULL),(882,'Bealanana',107,NULL),(883,'Novoye Devyatkino',1,NULL),(884,'Zhenzhushan',13,NULL),(885,'Cambas',6,NULL),(886,'Yanahuaya',40,NULL),(887,'Zheng’an',13,NULL),(888,'Zhouxi',13,NULL),(889,'Catamayo',46,NULL),(890,'Dejilin',13,NULL),(891,'Miān Channūn',36,NULL),(892,'Tunzhai',13,NULL),(893,'Yongfeng',13,NULL),(894,'Shinjō',14,NULL),(895,'Isidro Fabela',28,NULL),(896,'Sassandra',43,NULL),(897,'Hendījān',87,NULL),(898,'Los Rastrojos',57,NULL),(899,'Semarang',11,NULL),(900,'Magtaking',3,NULL),(901,'Bilozerka',10,NULL),(902,'Yaozhanzi',13,NULL),(903,'Yachimata',14,NULL),(904,'Mġarr',96,NULL),(905,'São Manços',6,NULL),(906,'Étampes',7,NULL),(907,'Sājūr',67,NULL),(908,'Águas Formosas',8,NULL),(909,'Novoaleksandrovsk',1,NULL),(910,'Helsingborg',35,NULL),(911,'Dobre Miasto',19,NULL),(912,'Taloqan',64,NULL),(913,'Coromoro',15,NULL),(914,'Huazhaizi',13,NULL),(915,'Lucapon',3,NULL),(916,'Panan',3,NULL),(917,'Itzig',52,NULL),(918,'Puerto Rico',34,NULL),(919,'Águia Branca',8,NULL),(920,'Lamego',6,NULL),(921,'Cibungur',11,NULL),(922,'Zhangxiang',13,NULL),(923,'Särkisalo',65,NULL),(924,'Nikísiani',42,NULL),(925,'Mizhirah',115,NULL),(926,'Monkayo',3,NULL),(927,'Shixi',13,NULL),(928,'Ziniaré',80,NULL),(929,'Ljutomer',45,NULL),(930,'Āsasa',61,NULL),(931,'Banyo',66,NULL),(932,'Huazhou',13,NULL),(933,'Cabadiangan',3,NULL),(934,'Mancagahar',11,NULL),(935,'Shalushka',1,NULL),(936,'Blimbing',11,NULL),(937,'Susuman',1,NULL),(938,'Timba Lauk',11,NULL),(939,'Kvasice',29,NULL),(940,'Lianzhou',13,NULL),(941,'Tiyuguan',13,NULL),(942,'Palopat',11,NULL),(943,'Boco',6,NULL),(944,'Imġarr',96,NULL),(945,'Voinjama',116,NULL),(946,'Düsseldorf',85,NULL),(947,'Lulindi',41,NULL),(948,'Dalong',13,NULL),(949,'Wojaszówka',19,NULL),(950,'Mojorembun',11,NULL),(951,'Miao’ergou',13,NULL),(952,'Montague',22,NULL),(953,'Stocksund',35,NULL),(954,'Loma Bonita',28,NULL),(955,'Heping',13,NULL),(956,'Pawili',3,NULL),(957,'Njeru',58,NULL),(958,'Margacina',11,NULL),(959,'Hal’shany',91,NULL),(960,'Huamu',13,NULL),(961,'Medaya',75,NULL),(962,'Tonoas Municipal Building',117,NULL),(963,'Sinabang',11,NULL),(964,'Gikongoro',118,NULL),(965,'Ruyigi',119,NULL),(966,'Dogarmo',13,NULL),(967,'Okegawa',14,NULL),(968,'Santa',40,NULL),(969,'Aizkraukle',17,NULL),(970,'Paseka',29,NULL),(971,'Fushëkuqe',48,NULL),(972,'Wucheng',13,NULL),(973,'Salcedo',26,NULL),(974,'Landskrona',35,NULL);
/*!40000 ALTER TABLE `stadt` ENABLE KEYS */;
UNLOCK TABLES;

--
-- Table structure for table `studienrichtung`
--

DROP TABLE IF EXISTS `studienrichtung`;
/*!40101 SET @saved_cs_client     = @@character_set_client */;
/*!40101 SET character_set_client = utf8 */;
CREATE TABLE `studienrichtung` (
  `stu_id` bigint(20) NOT NULL AUTO_INCREMENT,
  `bezeichnung_deutsch` varchar(255) COLLATE utf8mb4_unicode_ci NOT NULL,
  `bezeichnung_englisch` varchar(255) COLLATE utf8mb4_unicode_ci NOT NULL,
  PRIMARY KEY (`stu_id`)
) ENGINE=InnoDB AUTO_INCREMENT=1390 DEFAULT CHARSET=utf8mb4 COLLATE=utf8mb4_unicode_ci;
/*!40101 SET character_set_client = @saved_cs_client */;

--
-- Dumping data for table `studienrichtung`
--

LOCK TABLES `studienrichtung` WRITE;
/*!40000 ALTER TABLE `studienrichtung` DISABLE KEYS */;
INSERT INTO `studienrichtung` VALUES (1,'Advanced Materials Science (E)','Advanced Materials Science (E)'),(2,'Afrikawissenschaften','African Studies'),(3,'Agrar- und Ernährungswirtschaft','Agricultural and Food Economy'),(4,'Agrarwissenschaften','Agricultural Sciences'),(5,'Ägyptologie','Egyptian Studies'),(6,'Akkordeon','Accordion'),(7,'Allgemeine Linguistik: Grammatiktheorie und kognitive Sprachwissenschaft','General Linguistics: Grammar Theory and Cognitive Linguistics'),(8,'Slawistik','Slavonic Studies'),(9,'Alpine Naturgefahren – Wildbach- und Lawinenverbauung','Alpine Natural Dangers / Watershed Regulation'),(10,'Alte Geschichte und  Altertumskunde','Ancient History'),(11,'Alte Geschichte und Altertumskunde','Ancient History'),(12,'Antike Kulturen und Archäologien','Ancient History and Classical Studies'),(13,'Alte Geschichte und Altorientalistik','Ancient History and Ancient Oriental Studies'),(14,'Historische Blasinstrumente / Blockflöte','Early Music – Recorder'),(15,'Cembalo und Generalbass','Harpsichord and Basso Continuo'),(16,'Altertumswissenschaften','Classical Studies'),(17,'Altorientalische Philologie und Orientalische Archäologie','Ancient Oriental Philology and Oriental Archaeology'),(18,'PhD an der Katholisch-Theologischen Fakultät','PhD at the Faculty of Catholic Theology'),(19,'Betriebswirtschaft','Business Administration'),(20,'Angewandte Betriebswirtschaft','Applied Business Administration'),(21,'Angewandte Ethik','Applied Ethics'),(22,'Angewandte Geoinformatik (E) - Applied Geoinformatics','Applied Geoinformatics (E)'),(23,'Angewandte Geowissenschaften','Applied Geosciences'),(24,'Informatik','Computer Sciences'),(25,'Angewandte Kulturwissenschaft','Applied Cultural Science'),(26,'Angewandte Linguistik','Applied Linguistics'),(27,'Art & Science  (E)','Art & Science (E)'),(28,'Angewandte Ökonomik – Applied Economics (E)','Applied Economics (E)'),(29,'Nutzpflanzenwissenschaften','Agricultural Crop Sciences'),(30,'Anglistik und Amerikanistik','English and American Studies'),(31,'Anglistik und Amerikanistik (E)','English and American Studies (E)'),(32,'Anglistik/Amerikanistik (E)','English and American Studies (E)'),(33,'Anglophone Literatures and Cultures (E)','Anglophone Literatures and Cultures (E)'),(34,'Anthropologie','Anthropology'),(35,'Arabische Welt: Sprache und Gesellschaft','Arabic World: Language and Society'),(36,'Archäologien','Archaeologies'),(37,'Architektur','Architecture'),(38,'Architektur (E)','Architecture (E)'),(39,'Astronomie','Astronomy'),(40,'Atmosphärenwissenschaften','Atmosphere Sciences'),(41,'Atmosphärenwissenschaften (E)','Atmosphere Sciences (E)'),(42,'Banking and Finance (E)','Banking and Finance (E)'),(43,'Basstuba','Tuba'),(44,'Bau- und Umweltingenieurwissenschaften','Civil and Environmental Engineering'),(45,'Bauingenieurwissenschaften','Civil and Environmental Engineering'),(46,'Bauingenieurwesen','Civil Engineering'),(47,'Geotechnical and Hydraulic Engineering (E)','Geotechnical and Hydraulic Engineering (E)'),(48,'Bauingenieurwissenschaften – Konstruktiver Ingenieurbau','Civil Engineering and Structural Engineering'),(49,'Bauingenieurwissenschaften - Infrastruktur','Civil Engineering, Environment and Transportation'),(50,'Bauingenieurwissenschaften und Wirtschaftsingenieurwesen','Civil Engineering and Construction Management'),(51,'Bewegung und Sport - Unterrichtsfach','Movement and Sports - Subject'),(52,'Bildnerische Erziehung - Unterrichtsfach','Art Education - Subject'),(53,'Bildtechnik und Kamera','Camera Technology and Cinematography'),(54,'Bildungswissenschaft','Education'),(55,'Biochemie und Molekulare Biomedizin','Biochemistry and Molecular Biomedical Sciences'),(56,'Artificial Intelligence (E)','Bioinformatics (E)'),(57,'Biologie','Biology'),(58,'Biologie und Umweltkunde - Unterrichtsfach','Biology and Environmental Protection - Subject'),(59,'Biologische Chemie','Biological Chemistry'),(60,'Biological Chemistry (E), Biologische Chemie (DDP) (IP)','Biological Chemistry (E) (DDP) (IP)'),(61,'Biomedical Engineering (E)','Biomedical Engineering (E)'),(62,'Biomedical Engineering','Biomedical Engineering'),(63,'Biomedizin und Biotechnologie','Biomedicine and Biotechnology'),(64,'Vergleichende Biomedizin (E) - Infektionsbiomedizin und Tumorsignalwege','Comparative Biomedicine (E) - Infection Biomedicine and Tumour Signalling Pathways'),(65,'PhD in Biomolecular Technology of Proteins (BioToP)','PhD in Biomolecular Technology of Proteins (BioToP)'),(66,'Biophysik (E)','Biophysics (E)'),(67,'Biotechnology (E)','Biotechnology (E)'),(68,'Blasorchesterleitung','Brass/Wind Orchestra Conducting'),(69,'Blockflöte','Recorder'),(70,'Bosnisch/Kroatisch/Serbisch','Bosnian/Croatian/Serbian'),(71,'Bosnisch/Kroatisch/Serbisch - Unterrichtsfach','Bosnian/Croatian/Serbian - Subject'),(72,'Botanik','Botany'),(73,'Ecology and Evolution (MEE) (Biologie) (E)','Ecology and Evolution (MEE) Biology (E)'),(74,'Buch und Dramaturgie','Screenplay Writing and Dramaturgy'),(75,'Bühnengestaltung / Scenography','Stage Design / Scenography'),(76,'Bühnengestaltung','Stage Design'),(77,'Building Science and Technology (E)','Building Science and Technology (E)'),(78,'Byzantinistik und Neogräzistik','Byzantine and Modern Greek Studies'),(79,'Cembalo','Harpsichord'),(80,'Chemical and Pharmaceutical Engineering (E)','Chemical and Pharmaceutical Engineering (E)'),(81,'Chemie - Unterrichtsfach','Chemistry - Subject'),(82,'Chemie','Chemistry'),(83,'Classica et Orientalia','Classica et Orientalia'),(84,'Comparative Social Policy and Welfare (JDP) (E) (IP)','Comparative Social Policy and Welfare (JDP) (E)'),(85,'Logic and Computation (E)','Logic and Computation (E)'),(86,'Computational Logic (DDP) (E) (IP)','Computational Logic (DDP) (E) (IP)'),(87,'Visual Computing','Visual Computing'),(88,'Computer Mathematics (E)','Computer Mathematics (E)'),(89,'Embedded Systems','Embedded Systems'),(90,'Creole-Cultural Differences and Transnational Processes (DDP) (E) (IP)','Creole-Cultural Differences and Transnational Processes (DDP) (E) (IP)'),(91,'Darstellende Geometrie - Unterrichtsfach','Descriptive Geometry - Subject'),(92,'Darstellende Kunst','Performing Arts'),(93,'Doktoratsstudium der angewandten medizinischen Wissenschaft (E)','Doctoral programme in Applied Medical Sciences (E)'),(94,'Doktoratsstudium der Architektur','Doctoral programme in Architecture'),(95,'Doktoratsstudium der Bodenkultur','Doctoral programme in Agriculture'),(96,'Doktoratsstudium der Chemie','Doctoral programme in Chemistry'),(97,'Doktoratsstudium der Evangelischen Theologie','Doctoral programme in Protestant Theology'),(98,'Doktoratsstudium der Geographie','Doctoral programme in Geography'),(99,'PhD der Informatik (E)','PhD in Computer Sciences (E)'),(100,'Doktoratsstudium der Katholischen Theologie','Doctoral programme in Catholic Theology'),(101,'Künstlerisch-wissenschaftlichen Doktoratsstudium','Doctoral programme in Arts'),(102,'Doktoratsstudium der Literatur- und Kulturwissenschaft','Doctoral programme in Literature and Cultural Studies'),(103,'Doktoratsstudium der medizinischen Wissenschaft (E)','Doctoral Programme in Medical Sciences (E)'),(104,'Doktoratsstudium der montanistischen Wissenschaften','Doctoral programme in Mining Sciences'),(105,'Doktoratsstudium der Naturwissenschaften','Doctoral programme in Natural Sciences'),(106,'Doktoratsstudium der Naturwissenschaften der NAWI-Fakultät','Doctoral programme in Natural Sciences at the Faculty of Natural Sciences'),(107,'Doktoratsstudium der Naturwissenschaften der URBI Fakultät','Doctoral programme in Natural Sciences at the Faculty of Environmental and Regional Sciences and Education'),(108,'Doktoratsstudium der Naturwissenschaften der KGW Fakultät','Doctoral programme in Natural Sciences at the Faculty of Cultual and Social Sciences'),(109,'Doktoratsstudium der Naturwissenschaften der NAWI Fakultät','Doctoral programme in Natural Sciences at the Faculty of Natural Sciences'),(110,'Doktoratsstudium der Naturwissenschaften (aus dem Bereich der Lebenswissenschaften)','Doctoral programme in Natural Sciences (in Life Sciences)'),(111,'PhD der Naturwissenschaften aus dem Bereich der Lebenswissenschaften','PhD in in Natural Sciences and in Life Sciences'),(112,'Doktoratsstudium der Pflegewissenschaft (E)','Doctoral programme in Nursing (E)'),(113,'Doktoratsstudium der Philosophie','Doctoral programme in Philosophy'),(114,'Doktoratsstudium der Philosophie an der Katholisch-Theologischen Fakultät','Doctoral Programme in Philosophy at the Faculty of Catholic Theology'),(115,'Doktoratsstudium der Philosophie an der Kultur- und Gesellschaftswissenschaftlichen Fakultät','Doctoral Programme in Philosophy at the Faculty of Cultural and Social Sciences'),(116,'Doktoratsstudium der Geistes- und Kulturwissenschaften','Doctoral Programme in Philosophy in Humanities and Cultural Sciences'),(117,'Doktoratsstudium der Philosophie in Geistes- u. Kulturwissenschaften, Philosophie und Bildungswissenschaften','Doctoral Programme in Philosophy in Humanities and Cultural Studies, Philosophy and Education'),(118,'Doktoratsstudium der Rechtswissenschaften','Doctoral programme in Law'),(119,'Doktoratsstudium der Religionswissenschaften und soziokulturelle Diskurse','Doctoral programme in Religious Studies and Socio-Cultural Discourses (World Religions)'),(120,'Doktoratsstudium der Sozial- und Wirtschaftswissenschaften','Doctoral programme in Social and Economic Sciences'),(121,'Doktoratsstudium der Sozialwissenschaften','Doctoral programme in Social Sciences'),(122,'Doktoratsstudium der Sprach- und Medienwissenschaft','Doctoral Programme in Linguistics and Media Studies'),(123,'Doktoratsstudium der technischen Wissenschaften','Doctoral Programme in Engineering Sciences'),(124,'Doktoratsstudium der technischen Wissenschaften (der naturwissenschaftlichen Fakultät)','Doctoral Programme in Engineering Sciences (at the Faculty of Natural Sciences)'),(125,'Doktoratsstudium der technischen Wissenschaften aus dem Bereich der Naturwissenschaften','Doctoral Programme in Engineering Sciences in Natural Sciences'),(126,'Doktoratsstudium der veterinärmedizinischen Wissenschaften','Doctoral Programme in Veterinary Medicine'),(127,'Doktoratsstudium der Wirtschaftswissenschaften','Doctoral Programme in Economic Sciences'),(128,'PhD der Wirtschaftswissenschaften (E)','PhD in Economic Sciences (E)'),(129,'Deutsch - Unterrichtsfach','German - Subject'),(130,'Deutsch als Fremd- und Zweitsprache','German as a Foreign and Second Language'),(131,'Deutsche Philologie','German Philology'),(132,'Digital Art – Compositing','Digital Art – Compositing'),(133,'Dirigieren','Conducting'),(134,'Chordirigieren','Conducting - Choir Conducting'),(135,'Musiktheaterkorrepetition','Musical Theatre Coaching'),(136,'Orchesterdirigieren','Conducting - Orchestra'),(137,'Doctor of Philosophy (PhD)','Doctor of Philosophy (PhD)'),(138,'Doctor of Philosophy','Doctor of Philosophy'),(139,'Doctor of Philosophy (PhD) (E)','Doctor of Philosophy (PhD) (E)'),(140,'Doctor of Philosophy (PhD) der Klinisch-medizinischen Wissenschaften','Doctor of Philosophy (PhD) of the clinical-medical sciences'),(141,'Doctor of Philosophy (PhD)  (E)','Doctor of Philosophy (PhD) (E)'),(142,'Doktoratsstudium der Atmosphärenwissenschaften','Doctoral Programme in Atmosphere Sciences'),(143,'Doktoratsstudium der Biologie','Doctoral Programme in Biology'),(144,'Doktoratsstudium der Erdwissenschaften','Doctoral Programme in Geosciences'),(145,'Doktoratsstudium der Mathematik','Doctoral Programme in Mathematics'),(146,'Doktoratsstudium der Pharmazeutischen Wissenschaften (E)','Doctoral Programme in Pharmaceutical Sciences (E)'),(147,'Doktoratsstudium der Physik (E)','Doctoral Programme in Physics (E)'),(148,'Doktoratsstudium der Psychologie','Doctoral Programme in Psychology'),(149,'Doktoratsstudium der Sportwissenschaft','Doctoral Programme in Sports Sciences'),(150,'Doktoratsstudium Erziehungs- und Bildungswissenschaft','Doctoral Programme in Educational Sciences'),(151,'Doktoratsstudium Philosophie','Doctoral Programme in Philosophy'),(152,'Doktoratsstudium Politikwissenschaft','Doctoral Programme in Political Science'),(153,'Translation','Interpretation'),(154,'Übersetzen und Dialogdolmetschen','Translation and Dialogue Interpretation'),(155,'Economics','Economics'),(156,'Elektrotechnik','Electrical Engineering'),(157,'Elektrotechnik – Toningenieur','Electrical Engineering and Audio Engineering'),(158,'Elektrotechnik – Wirtschaft','Electrical Engineering and Business'),(159,'Elektrotechnik und Informationstechnik','Electrical Engineering and Information Technology'),(160,'Elementare Musik- und Bewegungspädagogik','Elementary Music and Movement Education'),(161,'Elementare Musik- und Tanzpädagogik','Elementary Music and Dance Education'),(162,'Energie- und Automatisierungstechnik','Energy and Automation Technology'),(163,'Englisch (E) - Unterrichtsfach','English (E) - Subject'),(164,'Englisch - Unterrichtsfach','English - Subject'),(165,'English and American Studies (E)','English and American Studies (E)'),(166,'English Language and Linguistics (E)','English Language and Linguistics (E)'),(167,'Soils and Global Change, International Master (E) (IP) (IMSOGLO)','Soils and Global Change, International Master (E) (IP) (IMSOGLO)'),(168,'Environmental Sciences (E)','Environmental Sciences (E)'),(169,'Environmental Sciences – Soil, Water and Biodiversity, ENVEURO (E)','Environmental Sciences – Soil, Water and Biodiversity, ENVEURO (E)'),(170,'Erdwissenschaften','Geosciences'),(171,'Geowissenschaften','Geosciences'),(172,'Geosciences (E)','Goesciences (E)'),(173,'Ernährungswissenschaften','Nutritional Sciences'),(174,'Erwachsenen- und Berufsbildung','Adult and Professional Education'),(175,'Erziehungs- und Bildungswissenschaft','Educational Sciences'),(176,'Erziehungswissenschaft','Educational Sciences'),(177,'Europäische Ethnologie','European Ethnology'),(178,'Politikwissenschaft: Europäische und Internationale Politik','Political Sciences: European and International Politics'),(179,'European Forestry (DDP) (E) (IP)','European Forestry (DDP) (E) (IP)'),(180,'European Master in Animal Breeding and Genetics (JDP) (E) (IP)','European Master in Animal Breeding and Genetics (JDP) (E) (IP)'),(181,'European Master in Classical Cultures','European Master in Classical Cultures'),(182,'European Master in Health and Physical Activity (E)','European Master in Health and Physical Activity (E)'),(183,'European Union Studies (E)','European Union Studies (E)'),(184,'Evangelische Fachtheologie','Protestant Theology'),(185,'Evangelische Religion - Unterrichtsfach','Religious Education - Protestant - Subject'),(186,'Fagott','Bassoon'),(187,'Fennistik','Fennistics'),(188,'Finance and Accounting / Finanzwirtschaft und Rechnungswesen','Finance and Accounting'),(189,'Finanz- und Versicherungsmathematik','Financial and Actuarial Mathematics'),(190,'Finno-Ugristik','Finno-Ugric Studies'),(191,'Flöte','Flute'),(192,'Forstwirtschaft','Forestry'),(193,'Forstwissenschaften','Forestry Sciences'),(194,'Französisch','French'),(195,'Romanistik','Romance Studies'),(196,'Französisch - Unterrichtsfach','French - Subject'),(197,'dex: Design, materielle Kultur und experimentelle Praxis (Technisches und textiles Werken) - Unterrichtsfach','Textiles - Art, Design, Styles - Subject'),(198,'Angewandte Physische Geographie und Gebirgsforschung','Applied Physical Geography and Mountain Research'),(199,'Gender Studies','Gender Studies'),(200,'Gender, Culture and Social Change','Gender, Culture and Social Change'),(201,'Management (E)','Management (E)'),(202,'Genetik und Entwicklungsbiologie','Genetics and Developmental Biology'),(203,'Geospatial Technologies','Geospatial Technologies'),(204,'Geodäsie und Geoinformatik','Geodesy and Geomatics Engineering'),(205,'Geodäsie und Geoinformation','Geodesy and Geoinformation'),(206,'Geographie','Geography'),(207,'Geographie und Regionalforschung: Geographische Systemwissenschaften','Geography and Regional Development Research: Geographical Systems Sciences'),(208,'Geographie und Wirtschaftskunde - Unterrichtsfach','Geography and Economics - Subject'),(209,'Geographie: Globaler Wandel – regionale Nachhaltigkeit','Geography: Global Change - Regional Sustainability'),(210,'Geologie','Geology'),(211,'Geodäsie','Geodesy'),(212,'Germanistik','German Philology'),(213,'Germanistik im Interkulturellen Kontext (DDP) (IP)','German Studies in an Intercultural Context (DDP) (IP)'),(214,'Gesang','Voice'),(215,'Geschichte','History'),(216,'Geschichtswissenschaften','Historical Sciences'),(217,'Geschichte des Südöstlichen Europa (DDP) (IP)','History of Southeastern Europe (DDP) (IP)'),(218,'Geschichte, Sozialkunde und Politische Bildung - Unterrichtsfach','History, Social Studies and Political Education - Subject'),(219,'Sportwissenschaft','Sports Sciences'),(220,'Pflegewissenschaft','Nursing'),(221,'Gitarre','Guitar'),(222,'Global Studies on Management and Information Science, JDP (E) (IP)','Global Studies on Management and Information Science, JDP (E)'),(223,'Grafik-Design und Fotografie','Graphic Design and Photography'),(224,'Griechisch','Greek'),(225,'Griechisch - Unterrichtsfach','Greek - Subject'),(226,'Harfe','Harp'),(227,'Haushaltsökonomie und Ernährung - Unterrichtsfach','Household Economics and Nutrition - Subject'),(228,'Holz- und Naturfasertechnologie','Wood and Fibre Technology'),(229,'Holztechnologie und Management','Wood Technology and Management'),(230,'Horn','Horn'),(231,'Horticultural Sciences, International Master (E)','Horticultural Sciences, International Master in (E)'),(232,'Humanmedizin','Medicine'),(233,'Hungarologie','Hungarian Studies'),(234,'PhD in Economics (E)','PhD in Economics (E)'),(235,'PhD in Finance (E)','PhD in Finance (E)'),(236,'PhD in Management (E)','PhD in Management (E)'),(237,'PhD in Practice (E)','PhD in Practice (E)'),(238,'Doktorattstudium der technischen Wissenschaften','Doctoral Programme in Engineering Sciences'),(239,'PhD in Soziologie','PhD in Sociology'),(240,'Industrial Design','Industrial Design'),(241,'Industrial Management and Business Administration','Industrial Management and Business Administration (E)'),(242,'Industrielle Energietechnik','Industrial Energy Engineering'),(243,'Industrielle Umweltschutz- und Verfahrenstechnik','Industrial Environmental Protection and Process Engineering'),(244,'Industrielogistik','Industrial Logistics'),(245,'Industriemathematik','Industrial Mathematics'),(246,'Informatik (E)','Computer Sciences (E)'),(247,'Computer Science (E)','Computer Sciences (E)'),(248,'Computer Science (E) - Informatik','Computer Science (E)'),(249,'Angewandte Informatik','Applied Informatics'),(250,'Informatics','Informatics'),(251,'Informatik  - Unterrichtsfach','Informatics - Subject'),(252,'Informatik - Unterrichtsfach','Informatics - Subject'),(253,'Informatik und Informatikmanagement - Unterrichtsfach','Informatics and Informatics Management - Subject'),(254,'Information and Communications Engineering (ICE) (E)','Information and Communictions Engineering (ICE) (E)'),(255,'Elektronik und Informationstechnik','Electronics and Information Technology'),(256,'Informationsmanagement','Information Management'),(257,'Information Management','Information Management'),(258,'Informationstechnik','Information Technology'),(259,'Ingenieurwissenschaften (DDP) (IP)','Engineering (DDP) (IP)'),(260,'Instrumental- (Gesangs-) Pädagogik','Music Education - Voice and Instruments'),(261,'Instrumental- (Gesangs-) Pädagogik – Jazz','Music Education - Voice and Instruments - Jazz'),(262,'Instrumental- (Gesangs-) Pädagogik – Klassik','Music Education - Voice and Instruments - Classical Music'),(263,'Instrumental- (Gesangs-) Pädagogik – Volksmusik','Music Education - Voice and Instruments - Folklore Music'),(264,'Instrumentalmusikerziehung - Unterrichtsfach','Music Education - Instruments - Subject'),(265,'Integriertes Diplomstudium der Rechtswissenschaften','Law - Integrated Programme'),(266,'Interdisziplinäre Geschlechterstudien','Interdisciplinary Gender Studies'),(267,'Interface Cultures','Interface Cultures'),(268,'International Management (CEMS) (E)','International Management (CEMS) (E)'),(269,'Petroleum Engineering, International Study Programme  (E)','Petroleum Engineering, International Study Programme (E)'),(270,'Internationale Betriebswirtschaft','International Business Administration'),(271,'Internationale Entwicklung','International Development'),(272,'Internationale Wirtschaftswissenschaften','International Economic and Business Studies'),(273,'Islamische Religionspädagogik','Islamic Religious Education'),(274,'Italienisch','Italian'),(275,'Italienisch - Unterrichtsfach','Italian - Subject'),(276,'Japanologie','Japanese Studies'),(277,'Jazz (Instrument/Gesang)','Jazz (Instrument/Voice)'),(278,'Jazzkomposition und Arrangement','Jazz Composition and Arrangement'),(279,'Biological Chemistry JMP (E)','Biological Chemistry JMP (E)'),(280,'Global Business Canada/Taiwan JMP (E)','Global Business Canada/Taiwan JMP (E)'),(281,'English and American Studies, Joint Master‘s Degree (DDP) (E) (IP)','English and American Studies, Joint Master‘s Degree (DDP) (E) (IP)'),(282,'Judaistik','Jewish Studies'),(283,'Jüdische Kulturgeschichte','History of the Jews'),(284,'Jüdische Studien – Geschichte jüdischer Kulturen, DDP (IP)','Jewish Studies - History of Cultures of the Jews, DDP (IP)'),(285,'Kammermusik für Streichinstrumente und Klavier','String and Piano Chamber Music'),(286,'Kartographie und Geoinformation','Cartography and Geomatics Engineering'),(287,'Katholische Fachtheologie','Catholic Theology'),(288,'Katholische und Evangelische Kirchenmusik','Catholic and Protestant Church Music'),(289,'Katholische Religion - Unterrichtsfach','Religious Education - Catholic - Subject'),(290,'Religionspädagogik','Religious Education'),(291,'Katholische Religionspädagogik','Catholic Religious Education'),(292,'Klarinette','Clarinet'),(293,'Klassische Archäologie','Classical Archaeology'),(294,'Archäologie','Archaeology'),(295,'Klassische Philologie','Classical Philology'),(296,'Klassische Philologie – Latein','Classical Philology - Latin'),(297,'Klavier','Piano'),(298,'Klavier-Vokalbegleitung','Piano Accompaniment for Voice'),(299,'Kommunikationswissenschaft','Communication Science'),(300,'Komposition','Composition'),(301,'Komposition – Musiktheater','Composition - Musical Theatre'),(302,'Komposition und Musiktheorie','Composition and Music Theory'),(303,'Konservierung und Restaurierung','Conservation and Restoration'),(304,'Gestaltung im Kontext - Unterrichtsfach Technisches und Textiles Werken','Design in Context - Subject - Teacher Training in Textile and Technical Arts and Crafts'),(305,'Kontrabass','Double Bass'),(306,'Konzertgesang','Concert Singing'),(307,'Koreanologie','Korean Studies'),(308,'Kultur- und Sozialanthropologie (Völkerkunde)','Cultural and Social Anthropology'),(309,'Kulturtechnik und Wasserwirtschaft','Land and Water Management'),(310,'Kulturwissenschaften, JDP (IP)','Cultural Studies, JDP (IP)'),(311,'Kunst und Bildung - Unterrichtsfach Bildnerische Erziehung','Art and Education - Subject - Teacher Training in Art Education'),(312,'kkp: Kunst und kommunikative Praxis - Bildnerische Erziehung - Unterrichtsfach','Art and Communication Practices - Art Education - Subject'),(313,'Kunstgeschichte','Art History'),(314,'Kunststofftechnik','Polymer Engineering and Science'),(315,'Kunstwissenschaft','Art Science'),(316,'Applied Limnology - & Wetland Management (E)','Applied Limnology & Wetland Management (E)'),(317,'Landschaftsplanung und Landschaftsarchitektur','Landscape Architecture and Landscape Planning'),(318,'Latein','Latin'),(319,'Latein - Unterrichtsfach','Latin - Subject'),(320,'Lateinische Philologie des Mittelalters und der Neuzeit -auslaufend','Medieval and Modern Latin Philology - expiring'),(321,'Lebensmittel- und Biotechnologie','Food Science and Biotechnology'),(322,'Lebensmittelwissenschaft und -technologie','Food Science and Technology'),(323,'Lied und Oratorium','Song and Oratorio'),(324,'Linguistik','Linguistics'),(325,'Psycho-, Neuro- & Klinische Linguistik','Linguistics'),(326,'Management','Management'),(327,'Economic and Business Analytics (E)','Economic and Business Analytics (E)'),(328,'Maschinenbau','Mechanical Engineering'),(329,'Material- und Nanowissenschaften','Materials Sciences and Nanosciences'),(330,'Materialwissenschaften','Materials Sciences'),(331,'Materialwissenschaften (JDP) (IP)','Materials Sciences (JDP) (IP)'),(332,'Mathematik','Mathematics'),(333,'Mathematik - Unterrichtsfach','Mathematics - Subject'),(334,'Mathematik (E)','Mathematics (E)'),(335,'Cartography (E)','Cartography (E)'),(336,'Mathematik in den Naturwissenschaften','Mathematics for Natural Sciences'),(337,'Technische Mathematik','Technical Mathematics'),(338,'Mathematik in Technik und Naturwissenschaften','Mathematics in Science and Technology'),(339,'Musik- und Bewegungspädagogik / Rhythmik','Music and Movement Education \"Rhythm/Rhythmical Music Education\"'),(340,'Mechatronik','Mechatronics'),(341,'Medien','Media'),(342,'Medien- und Kommunikationswissenschaften','Media & Communications'),(343,'Medien, Kommunikation und Kultur','Media, Communications & Culture'),(344,'Medieninformatik (E)','Media Informatics (E)'),(345,'Medieninformatik und Visual Computing','Media Informatics and Visual Computing'),(346,'Media and Human-Centered Computing','Media and Human-Centered Computing'),(347,'Medienkultur- und Kunsttheorien (Media Culture & Art Theory)','Media Culture & Art Theory'),(348,'Medizinische Informatik','Medical Informatics'),(349,'Metallurgie','Metallurgy'),(350,'Meteorologie','Meteorology'),(351,'Middle European interdisciplinary Master programme in Cognitive Science (DDP) (E) (IP)','Middle European interdisciplinary Master programme in Cognitive Science (DDP) (E) (IP)'),(352,'Mikrobiologie','Microbiology'),(353,'Mikroelektronik und Photonik','Microelectronics and Photonics'),(354,'Fashion & Technology (Mode)','Fashion Design & Technology'),(355,'Molekularbiologie','Molecular Biology'),(356,'Molekulare Biologie','Molecular Biology'),(357,'Molecular Biology, JDP (E) (IP)','Molecular Biology, JDP (E)'),(358,'Molekulare Biowissenschaften','Molecular Biosciences'),(359,'Molekulare Mikrobiologie','Molecular Microbiology'),(360,'Molekulare Mikrobiologie, Mikrobielle Ökologie und Immunbiologie - Molecular Microbiology, Microbial Ecology and Immunobiology  (E)','Molecular Microbiology, Microbial Ecology and Immunobiology (E)'),(361,'Molekulare Zell- und Entwicklungsbiologie','Molecular Cell and Developmental Biology'),(362,'Mountain Forestry (E)','Mountain Forestry (E)'),(363,'Musik- und Tanzwissenschaft','Music and Dance Science'),(364,'Performative und intermediale Musik- und Tanzwissenschaft','Music and Dance Science'),(365,'Musikdramatische Darstellung','Music-dramatic Performance'),(366,'Musikerziehung - Unterrichtsfach','Music Education - Subject'),(367,'Musikologie','Musicology'),(368,'Musiktheater','Musical Theatre'),(369,'Musiktheaterregie','Musical Theatre Directing'),(370,'Musiktheorie','Music Theory'),(371,'Musiktherapie','Music Therapy'),(372,'Musikwissenschaft','Musicology'),(373,'Nachhaltige Stadt- und Regionalentwicklung','Sustainaible Urban and Regional Development'),(374,'Physik','Nanophysics'),(375,'Nanoscience and -technology','Nanoscience and Nanotechnology'),(376,'Natural Resources Management and Ecological Engineering (NARMEE) (DDP) (E) (IP)','Natural Resources Management and Ecological Engineering (NARMEE) (DDP) (E) (IP)'),(377,'Naturschutz und Biodiversitätsmanagement','Conservation Biology and Biodiversity Management'),(378,'Numismatik und Geldgeschichte','Numismatics'),(379,'Nutztierwissenschaften','Livestock Sciences'),(380,'Oboe','Oboe'),(381,'Ecology and Ecosystems (E)','Ecology and Ecosystems (E)'),(382,'Ökologie und Biodiversität','Ecology and Biodiversity'),(383,'Ökologie und Evolutionsbiologie','Ecology and Evolutionary Biology'),(384,'Organic Agricultural Systems and Agroecology, DDP (IP)','Organic Agricultural Systems and Agreocology, DDP'),(385,'Oper und Musiktheater','Opera and Musical Theatre'),(386,'Organization Studies (E)','Organization Studies (E)'),(387,'Orgel','Organ'),(388,'Orientalistik','Oriental Studies'),(389,'Pädagogik','Education'),(390,'Performance Practice in Contemporary Music','Performance Practice in Contemporary Music'),(391,'Petroleum Engineering','Petroleum Engineering'),(392,'Pferdewissenschaften','Equine Sciences'),(393,'Botanik (E)','Botany (E)'),(394,'Pflanzenwissenschaften','Plant Sciences'),(395,'Pharmazie','Pharmacy'),(396,'Philosophie','Philosophy'),(397,'Philosophie (an der Katholisch-Theologischen Fakultät)','Philosophy (at the Faculty of Catholic Theology)'),(398,'Philosophie (an der Kath.-Theol. Fakultät)','Philosophy'),(399,'Physik - Unterrichtsfach','Physics - Subject'),(400,'Physics (E)','Physics (E)'),(401,'Physik (E)','Physics (E)'),(402,'Physikalische Energie- und Messtechnik','Physical Energy and Measurement Engineering'),(403,'Phytomedizin','Phytomedicine'),(404,'Plastische Konzeptionen / Keramik','Sculptural Conceptions / Ceramics'),(405,'Political, Economic and Legal Philosophie (PELP)','Political, Economic and Legal Philosophy'),(406,'Politikwissenschaft','Political Science'),(407,'Political Science (E)','Political Science (E)'),(408,'Politische Bildung','Political Education'),(409,'Polnisch - Unterrichtsfach','Polish - Subject'),(410,'Polymer Chemistry (E)','Polymer Chemistry (E)'),(411,'Posaune','Trombone'),(412,'Production Science and Management (E)','Production Science and Management (E)'),(413,'Produktion','Film Production'),(414,'Psychologie','Psychology'),(415,'Psychologie und Philosophie - Unterrichtsfach','Psychology and Philosophy - Subject'),(416,'Publizistik und Kommunikationswissenschaft','Mass Media and Communication Science'),(417,'Quantitative Finance (E)','Quantitative Finance (E)'),(418,'Flöte / Querflöte','Flute'),(419,'raum&designstrategien','space&design strategies'),(420,'Raumforschung und Raumordnung','Urban and Regional Planning'),(421,'Raumplanung und Raumordnung','Spatial Planning'),(422,'Recht und Wirtschaft','Law and Economy'),(423,'Rechtswissenschaften','Law'),(424,'Regie','Directing'),(425,'Religionswissenschaft','Science of Religion'),(426,'Rohstoffgewinnung und Tunnelbau (E)','Mining and Tunnelling (E)'),(427,'Rohstoffingenieurwesen','Mineral Resources Engineering'),(428,'Rohstoffverarbeitung','Raw Materials Engineering'),(429,'Romanistik/Französisch','Romance Studies/French'),(430,'Literatur- und Kulturwissenschaft / Literary and Cultural Studies','Romance Studies/French'),(431,'Romanistik/Italienisch','Romance Studies/Italian'),(432,'Romanistik/Spanisch','Romance Studies/Spanish'),(433,'Sprachwissenschaft / Language Sciences','Language Sciences'),(434,'Russisch','Russian'),(435,'Russisch - Unterrichtsfach','Russian - Subject'),(436,'Safety in the Food Chain (E)','Safety in the Food Chain (E)'),(437,'Saxophon','Saxophone'),(438,'Schlaginstrumente','Percussion Instruments'),(439,'Schnitt','Editing'),(440,'Schulpädagogik','School Pedagogy'),(441,'Science-Technology-Society (E)','Science – Technology – Society (E)'),(442,'Sinologie','Sinology'),(443,'Skandinavistik','Scandinavian Studies'),(444,'Slowakisch - Unterrichtsfach','Slovak - Subject'),(445,'Slowenisch','Slovenian'),(446,'Slowenisch - Unterrichtsfach','Slovenian - Subject'),(447,'Software & Information Engineering','Software & Information Engineering'),(448,'Software Engineering & Internet Computing','Software Engineering & Internet Computing'),(449,'Software Engineering and Management','Software Development and Business Management'),(450,'Software Engineering and Management (E)','Software Engineering and Management (E)'),(451,'Sozial- und Integrationspädagogik','Social Pedagogy and Integrative Pedagogy'),(452,'Soziale und politische Theorie','Social and Political Theory'),(453,'Sozialpädagogik','Social Pedagogy'),(454,'Sozialwirtschaft','Social Economics'),(455,'Soziologie','Sociology'),(456,'Sozioökonomie','Socio-Economics'),(457,'Spanisch','Spanish'),(458,'Spanisch - Unterrichtsfach','Spanish - Subject'),(459,'Sport- und Bewegungswissenschaft','Sports and Human Movement Sciences'),(460,'Sport- und Bewegungswissenschaften','Sports and Human Movement Sciences'),(461,'Sportmanagement','Sports Management'),(462,'Sprachen und Kulturen Südasiens und Tibets','Languages and Cultures of South Asia and Tibet'),(463,'Sprachen und Kulturen Südasiens','Languages and Literatures of South Asia'),(464,'Sprachkunst','Creative Writing'),(465,'Sprachliche und literarische Varietäten in der frankophonen Welt','Linguistic and literary varieties in the francophone world'),(466,'Sprachwissenschaft','Linguistics'),(467,'Statistik','Statistics'),(468,'Statistik und Data Science','Statistics and Data Science'),(469,'Statistics (E)','Statistics (E)'),(470,'Statistik und Wirtschaftsmathematik','Statistics and Mathematics in Economics'),(471,'Stoffliche und energetische Nutzung nachwachsender Rohstoffe (NAWARO) (DDP) (IP)','Material and Energetic Exploitation of Renewable Raw Materials (NAWARO) (DDP) (IP)'),(472,'Strategisches Management (E)','Strategic Management (E)'),(473,'Strategy, Innovation and Management Control (E)','Strategy, Innovation and Management Control (E)'),(474,'Basstuba, Studienzweig','Tuba, Branch of studies'),(475,'Bildende Kunst, Studienzweig','Fine Arts, branch of studies'),(476,'Blockflöte, Studienzweig','Recorder, Branch of studies'),(477,'Cembalo, Konzertfach','Harpsichord, performance'),(478,'Chordirigieren, Studienzweig','Choir Conducting, Branch of studies'),(479,'Digitale Kunst, Studienzweig von Medienkunst','Digital Art, branch of study of Media Art'),(480,'Elektroakustische Komposition, Studienzweig','Electroacustic Composition, branch of studies'),(481,'Fagott, Studienzweig','Bassoon, branch of studies'),(482,'Flöte, Studienzweig','Flute, branch of studies'),(483,'Gitarre, Studienzweig','Guitar, branch of studies'),(484,'Grafik Design, Studienzweig','Graphic Design, branch of studies'),(485,'Grafik und Werbung, Studienzweig','Graphics and Advertising, branch of studies'),(486,'Harfe, Studienzweig','Harp, branch of studies'),(487,'Horn, Studienzweig','Branch of studies Horn'),(488,'Klarinette, Studienzweig','Clarinet, branch of studies'),(489,'Klavier Konzertfach','Piano, branch of studies'),(490,'Klavier-Kammermusik','Piano Chamber Music, branch of studies'),(491,'Komposition, Studienzweig','Composition, branch of studies'),(492,'Kontrabass, Studienzweig','Branch of studies Double Bass'),(493,'Opernkorrepetition, Studienzweig','Opera Coaching, branch of studies'),(494,'Angewandte Kultur- und Kunstwissenschaften, Studienzweig','Applied Cultural and Art Studies, branch of studies'),(495,'Kunst und kulturwissenschaftliche Studien, Studienzweig','Cultural Studies, branch of studies'),(496,'Medienkomposition und Angewandte Musik, Studienzweig','Media Composition and Applied Music, branch of studies'),(497,'Transmediale Kunst, Studienzweig von Medienkunst','Media Design: Transmedia Art, branch of studies'),(498,'Mode, Studienzweig','Fashion Design, branch of studies'),(499,'Musiktheorie, Studienzweig','Music Theory, branch of studies'),(500,'Oboe, Studienzweig','Branch of studies Oboe'),(501,'Orchesterdirigieren, Studienzweig','Orchestra Conducting, branch of studies'),(502,'Orgel Konzertfach','Branch of studies Organ'),(503,'Posaune, Studienzweig','Branch of studies Trombone'),(504,'Schaupsielregie, Studienzweig','Drama Directing, branch of studies'),(505,'Regie, Studienzweig','Directing, branch of studies'),(506,'Saxophon, Studienzweig','Saxophone, branch of studies'),(507,'Schauspiel, Studienzweig','Drama/Acting, branch of studies'),(508,'Schlaginstrumente, Studienzweig','Branch of studies Percussion Instruments'),(509,'Kammermusik','String Chamber Music, branch of studies'),(510,'Trompete, Studienzweig','Branch of studies Trumpet'),(511,'Viola, Studienzweig','Branch of studies Viola'),(512,'Violine, Studienzweig','Branch of studies Violin'),(513,'Violoncello, Studienzweig','Violoncello, branch of studies'),(514,'Supply Chain Management (E)','Supply Chain Management (E)'),(515,'Sustainable Development, JIMP (E) (IP)','Sustainable Development, JIMP (E) (IP)'),(516,'Technische Chemie','Technical Chemistry'),(517,'Technical Chemistry (E)','Technical Chemistry (E)'),(518,'Chemistry  and Chemical Technology (E)','Chemistry and Chemical Technology (E)'),(519,'Chemistry and Chemical Technology (E)','Chemistry and Chemical Technology (E)'),(520,'Technische Informatik','Computer Engineering'),(521,'Mathematics (E)','Mathematics (E)'),(522,'Technische Physik','Technical Physics'),(523,'Technical Physics (E)','Technical Physics (E)'),(524,'Telecommunications','Telecommunications'),(525,'Information and Computer Engineering','Information and Computer Engineering'),(526,'Information and Computer Engineering (E)','Information and Computer Engineering (E)'),(527,'textil.kunst.design','textile.art.design'),(528,'Gestaltung: Technik.Textil - Unterrichtsfach','Design: Technical. Textile - Subject'),(529,'Gestaltung im Kontext - Unterrichtsfach Textiles und Technisches  Werken','Design in Context - Subject - Teacher Training in Textile and Technical Arts and Crafts'),(530,'Theater-, Film- und Medienwissenschaft','Theatre, Film and Media Studies'),(531,'Tibetologie und Buddhismuskunde','Tibetan and Buddhist Studies'),(532,'Tonmeister','Sound Engineer'),(533,'TransArts – Transdisziplinäre Kunst','TransArts - Transdisciplinary Art'),(534,'Transkulturelle Kommunikation','Transcultural Communication'),(535,'Translationswissenschaft','Translation Studies'),(536,'Trompete','Trumpet'),(537,'Tschechisch - Unterrichtsfach','Czech - Subject'),(538,'Turkologie','Turkish Studies'),(539,'Übersetzen','Translation'),(540,'Umwelt- und Bioressourcenmanagement','Environment and Bio-Resources Management'),(541,'Umweltsystemwissenschaften - Naturwissenschaften-Technologie','Environmental Systems Sciences / Natural Sciences - Technology'),(542,'Umweltsystemwissenschaften - Betriebswirtschaft','Environmental Systems Sciences - Business Administration'),(543,'Umweltsystemwissenschaften - Nachhaltigkeitsorientiertes Management','Environmental Systems Sciences - Sustainability-oriented Management'),(544,'Ungarisch - Unterrichtsfach','Hungarian'),(545,'Urgeschichte und Historische Archäologie','Prehistory and Historical Archaeology'),(546,'Urban Studies (DDP) (E) (IP)','Urban Studies (DDP) (E) (IP)'),(547,'Verfahrenstechnik','Chemical and Process Engineering'),(548,'Indogermanistik und historische Sprachwissenschaft','Indo-European Studies and Historical Linguistics'),(549,'Vergleichende Literaturwissenschaft','Comparative Literature'),(550,'Verhaltens-, Neuro- und Kognitionswissenschaften','Behaviour, Neurobiology and Cognition'),(551,'Verhaltensphysiologie','Behavourial Physiology'),(552,'Veterinärmedizin','Veterinary Medicine'),(553,'Viola','Viola'),(554,'Violine','Violin'),(555,'Violoncello','Violoncello'),(556,'Visuelle Kommunikation (Grafikdesign & Fotografie)','Visual Communication (Graphic Design & Photography)'),(557,'Mediengestaltung - Unterrichtsfach','Media Design - Subject'),(558,'Politische und empirische Ökonomik','Political and Empirical Economics'),(559,'Volkswirtschaft','Economics'),(560,'Volkswirtschaftslehre','Economics'),(561,'Volkswirtschaftslehre (E)','Economics (E)'),(562,'Water Management/Environmental Engineering (E)','Water Management/Environmental Engineering (E)'),(563,'Webwissenschaften','Web Sciences'),(564,'Erwachsenen- und Weiterbildung','Adult Education and Further Education'),(565,'Werkerziehung - Unterrichtsfach','Handicraft Education - Subject'),(566,'Wildtierökologie und Wildtiermanagement','Wildlife Ecology and Wildlife Management'),(567,'Wirtschaft und Gesellschaft Ostasiens (East Asian Economy and Society) (E)','East Asian Economy and Society (E)'),(568,'Wirtschaft und Recht','Business and Law'),(569,'Wirtschafts- und Sozialwissenschaften','Economics and Social Sciences'),(570,'Wirtschaftsinformatik','Business Informatics'),(571,'Wirtschaftsinformatik / Business Informatics (E)','Business Informatics (E)'),(572,'Wirtschaftsinformatik (Information Systems) (E)','Information Systems (E)'),(573,'Wirtschaftsingenieurwesen – Bauwesen','Construction Management and Civil Engineering'),(574,'Wirtschaftsingenieurwesen – Maschinenbau','Mechanical Engineering – Management'),(575,'Management in chemical Technologies','Management in Chemical Technologies'),(576,'Management in Polymer Technologies (E)','Management in Polymer Technologies (E)'),(577,'Wirtschaftspädagogik','Business Education'),(578,'Wirtschaftsrecht','Business Law'),(579,'Doktoratsstudium für Wirtschaftsrecht','Doctoral Programme in Business Law'),(580,'Wirtschaftswissenschaften','Business & Economics'),(581,'Wirtschaftswissenschaften – Management and Economics','Management and Economics'),(582,'Wissenschaftsphilosophie und Wissenschaftsgeschichte (History and Philosophy of Science)','History and Philosophy of Science'),(583,'Zahnmedizin','Dentistry'),(584,'Zeitbasierte und interaktive Medienkunst / Timebased and interactive media arts','Time-based and Interactive Media Arts'),(585,'Zeitbasierte Medien / Timebased Media','Time-based Media'),(586,'Zoologie','Zoology'),(587,'Angewandtes Wissensmanagement','Applied Knowledge Management'),(588,'Business Process Engineering & Management','Business Process Egineering & Management'),(589,'Energie- und Umweltmanagement','Energy and Environmental Management'),(590,'Europäische Studien – Management von EU-Projekten (E)','European Studies – EU Project Management (E)'),(591,'Gebäudetechnik und Gebäudemanagement','Building Technology and Management'),(592,'Gesundheitsmanagement und Gesundheitsförderung','Health Management and Health Promotion'),(593,'Human Ressource Management und Arbeitsrecht MOEL','Human Resource Management and Industrial Law CEE'),(594,'Information, Medien & Kommunikation','Information, Media & Communication'),(595,'Internationale Wirtschaftsbeziehungen','International Business Relations'),(596,'Internationales Weinmarketing','International Wine Marketing'),(597,'IT Infrastruktur-Management','IT Infrastructure Management'),(598,'Nachhaltige Energiesysteme','Sustainable Energy Systems'),(599,'Biomedizinische Analytik','Biomedical Science'),(600,'Communication Engineering (E)','Communication Engineering (E)'),(601,'Ergotherapie','Occupational Therapy'),(602,'Geoinformation und Umwelttechnologien','Geoinformation and Environmental Technologies'),(603,'Gesundheits- und Pflegemanagement','Healthcare Management'),(604,'Gesundheitsmanagement','Health Management'),(605,'Health Care IT (E)','Health Care IT (E)'),(606,'Hebammen','Midwifery'),(607,'Integrated Systems and Circuits Design (E)','Integrated Systems and Circuits Design (E)'),(608,'International Business Management (E)','International Business Management (E)'),(609,'Logopädie','Logopaedics'),(610,'Medizintechnik- Medizinische Informationstechnik','Medical Information Technology - Medical Engineering'),(611,'Netzwerktechnik und Kommunikation','Network and Communication Engineering'),(612,'Physiotherapie','Physiotherapy'),(613,'Public Management','Public Management'),(614,'Radiologietechnologie','Radiology Technology'),(615,'Soziale Arbeit','Social Work'),(616,'Soziale Arbeit: Entwickeln und Gestalten','Social Work: Developing and Shaping'),(617,'Spatial Information Management (E)','Spatial Information Management (E)'),(618,'Systems Design (E)','Systems Design (E)'),(619,'Systems Engineering','Systems Engineering'),(620,'Wirtschaft','Business'),(621,'Biotechnische Verfahren','Biotechnological Processes'),(622,'Business Consultancy International (E)','Business Consultancy International (E)'),(623,'Diätologie','Dietetics'),(624,'Digital Media Production','Digital Media Production'),(625,'Bahntechnologie und Mobilität','Rail Technology and Mobility'),(626,'Export-oriented Management (E)','Export-oriented Management (E)'),(627,'International Business and Export-Management (E)','International Business and Export Management (E)'),(628,'Gesundheits- und Krankenpflege','Healthcare and Nursing'),(629,'Betriebswirtschaft für das Gesundheitswesen','Business Administration for the Public Health Sector'),(630,'Management von Gesundheitsunternehmen','Management of Health Institutions'),(631,'Information Security','Information Security'),(632,'IT-Security','IT Security'),(633,'Mechatronik / Mikrosystemtechnik','Mechatronics / Microsystems Engineering'),(634,'Marketing & Kommunikation','Marketing & Communication'),(635,'Medical and Pharmaceutical Biotechnology (E)','Medical and Pharmaceutical Biotechnology (E)'),(636,'Medienmanagement','Media Management'),(637,'Digital Media Management','Digital Media Management'),(638,'Medientechnik','Media Technology'),(639,'MedTech – International Masters Pogramme (E)','MedTech – International Masters Pogramme (E)'),(640,'Militärische Führung','Military Leadership'),(641,'Polizeiliche Führung','Police Leadership'),(642,'Produktmarketing & Innovationsmanagement','Product Marketing & Innovation Management'),(643,'Produktmarketing & Projektmanagement','Product Marketing & Project Management'),(644,'Strategisches Sicherheitsmanagement','Strategic Security Management'),(645,'Tourism and Leisure Management (E)','Tourism and Leisure Management (E)'),(646,'Training und Sport','Training and Sports'),(647,'Unternehmensführung und E-Business Management','Corporate Management and E-Business Management'),(648,'Wirtschaftsberatung (auch in E)','Business Consultancy (also in English)'),(649,'Wirtschaftsberatung und Unternehmensführung (auch in E)','Business Consultancy and Business Leadership (also in English)'),(650,'Wirtschaftsingenieur','Business Engineering'),(651,'Anlagenbau','Plant Construction'),(652,'Automatisierungstechnik','Automation Engineering'),(653,'Bio- und Umwelttechnik','Bio- and Environmental Technology'),(654,'Data Science und Engineering (vorher Biomedizinische Informatik)','Data Science und Engineering (formerly Biomedical Informatics)'),(655,'Controlling, Rechnungswesen und Finanzmanagement','Controlling, Accounting and Financial Management'),(656,'Digital Arts','Digital Arts'),(657,'Embedded Systems Design','Embedded Systems Design'),(658,'Entwicklungsingenieur/in  Maschinenbau','Mechanical Engineering'),(659,'Entwicklungsingenieur/in Maschinenbau','Mechanical Engineering'),(660,'Werkstoffwissenschaften und Fertigungstechnik','Materials and Process Engineering'),(661,'Global Sales and Marketing (E)','Global Sales and Marketing (E)'),(662,'Hardware-Software-Design','Hardware-Software Design'),(663,'Hebamme','Midwifery'),(664,'Information Engineering und -Management','Information Engineering and Management'),(665,'Innovations- und Produktmanagement','Innovation Engineering & Management'),(666,'Innovation and Product Management (E)','Innovation and Product Management (E)'),(667,'Interactive Media (E)','Interactive Media (E)'),(668,'Internationales Logistikmanagement','International Logistics Management'),(669,'Kommunikation, Wissen, Medien','Communication and Knowledge Media'),(670,'Marketing und Electronic Business','Marketing and Electronic Business'),(671,'Medizin- und Bioinformatik','Medical and Bioinformatics'),(672,'Medientechnik und -design','Media Technology and Design'),(673,'Medizintechnik','Medical Engineering'),(674,'Medizintechnik - Medical Engineering (E)','Medical Engineering (E)'),(675,'Mobile Computing','Mobile Computing'),(676,'Mobile Computing (E)','Mobile Computing (E)'),(677,'Angewandte Energietechnik','Applied Energy Engineering'),(678,'Operations Management','Operations Management'),(679,'Produktdesign und technische Kommunikation','Product Design and Technical Communication'),(680,'Produktion und Management','Production and Management'),(681,'Prozessmanagement und Business Intelligence','Process Management and Business Intelligence'),(682,'Gesundheits-, Sozial- und Public Management, Services of General Interest','Healthcare, Social and Public Management, Services of General Interest'),(683,'Sichere Informationssysteme','Secure Information Systems'),(684,'Software Engineering','Software Engineering'),(685,'Sozial- und Verwaltungsmanagement','Social Services Management and Public Management'),(686,'Supply Chain Management','Supply Chain Management'),(687,'Verfahrenstechnische Produktion','Process Engineering and Production'),(688,'Design- und Produktmanagement','Design & Product Management'),(689,'Design- und Produktmanagement – Schwerpunkt Möbelbau','Design & Product Management - Focus on Furniture Construction'),(690,'Holztechnologie und Holzbau','Forest Products Technology & Timber Construction'),(691,'Holztechnologie & Holzwirtschaft','Forest Products Technology & Management'),(692,'Informationstechnik & Systemmanagement','Information Technology and Systems Management'),(693,'Innovation und Management im Tourismus','Innovation & Management in Tourism'),(694,'Innovation and Management in Tourism (E)','Innovation & Management in Tourism (E)'),(695,'MultiMediaArt','MultiMediaArt'),(696,'MultiMedia Technology','MultiMedia Technology'),(697,'Orthoptik','Orthoptics'),(698,'Electronics and Computer Engineering (E)','Electronics and Computer Engineering (E)'),(699,'IT & Mobile Security','IT & Mobile Security'),(700,'Ausstellungsdesign','Exhibition Design'),(701,'Automatisierungstechnik – Wirtschaft','Automation Technology'),(702,'Bank- und Versicherungswirtschaft','Banking and Insurance Industry'),(703,'Baumanagement und Ingenieurbau','Construction Management and Engineering'),(704,'Bauplanung und Bauwirtschaft','Construction Design and Economics'),(705,'eHealth','eHealth'),(706,'Elektronik und Computer Engineering','Electronics & Computer Engineering'),(707,'Energie-, Mobilitäts- und Umweltmanagement','Energy, Transport and Environmental Management'),(708,'Gesundheitsmanagement im Tourismus','Health Management in Tourism'),(709,'Gesundheits- Tourismus- & Sportmanagement','Health, Tourism & Sports Management'),(710,'Industriewirtschaft / Industrial Management','Industrial Management'),(711,'Informationsdesign','Information Design'),(712,'Informationstechnologien und Wirtschaftsinformatik','Information Technologies & Business Informatics'),(713,'Innovationsmanagement','Innovation Management'),(714,'Business in Emerging Markets / International Management (E)','Business in Emerging Markets / International Management (E)'),(715,'International Marketing (E)','International Marketing (E)'),(716,'Internettechnik','Internet Technology'),(717,'IT-Recht & Management','IT Law & Management'),(718,'Journalismus und Public Relations (PR)','Journalism and Public Relations (PR)'),(719,'Luftfahrt / Aviation','Aviation'),(720,'Management internationaler Geschäftsprozesse','International Management'),(721,'Marketing & Sales','Marketing & Sales'),(722,'Communication, Media, Sound and Interaction Design','Communication, Media, Sound and Interaction Design'),(723,'Rechnungswesen und Controlling','Financial Accounting & Management Accounting'),(724,'Sales Management','Sales Management'),(725,'Entrepreneurship & Tourismus','Entrepreneurship & Tourism'),(726,'ERP-Systeme und Geschäftsprozessmanagement','ERP Systems & Business Process Management'),(727,'Energie- und Nachhaltigkeitsmanagement','Energy & Sustainability Management'),(728,'Europäische Energiewirtschaft','European Energy Business'),(729,'Facilitymanagement und Immobilienwirtschaft','Facility & Real Estate Management'),(730,'Facility- und Immobilienmanagement','Facility & Real Estate Management'),(731,'International Business & Law (E)','International Business & Law (E)'),(732,'International Business Studies (E)','International Business Studies (E)'),(733,'International Health & Social Management (E)','International Health & Social Management (E)'),(734,'Internationale Wirtschaft und Management','International Business Studies'),(735,'Unternehmensrestrukturierung & -sanierung','Corporate Restructuring'),(736,'Management & Recht','Management & Law'),(737,'Management, Communication & IT (E)','Management, Communication & IT (E)'),(738,'Management, Communication & IT','Management, Communication & IT'),(739,'Marketing & Kommunikationsmanagement','Marketing & Communication Management'),(740,'Nonprofit-, Sozial- und Gesundheitsmanagement','Nonprofit, Social & Health Care Management'),(741,'Bio- & Lebensmitteltechnologie','Biotechnology & Food Engineering'),(742,'Qualitäts- und Prozessmanagement im Gesundheitswesen','Quality and Process Management in the Health Care Sector'),(743,'Soziale Arbeit, Sozialpolitik & -management','Social Work, Social Policy & Management'),(744,'Sport-, Kultur- und Veranstaltungsmanagement','Sports, Culture & Event Management'),(745,'Sport-, Kultur- und Veranstaltungsmanagement bzw. Sports, Culture & Events Management','Sports, Culture & Event Management'),(746,'Umwelt-, Verfahrens- und Energietechnik','Environmental, Process & Energy Engineering'),(747,'Biotechnologie / Biotechnology','Biotechnology'),(748,'Unternehmensführung','Business Management'),(749,'Tourismus- und Freizeitwirtschaft','Tourism Business Studies'),(750,'WEB-Business & Technology','Web Business & Technology'),(751,'Wirtschaft & Management','Business & Management for Professionals'),(752,'Wirtschaftsingenieurwesen','Industrial Engineering & Management'),(753,'Informatik (D und E)','Computer Science (German and English)'),(754,'Informatik – Software and Information Engineering','Computer Science – Software and Information Engineering'),(755,'InterMedia','InterMedia'),(756,'Mechatronics','Mechatronics'),(757,'Angewandte Elektronik','Applied Electronics'),(758,'Bank- und Finanzwirtschaft','Banking and Finance'),(759,'Arbeitsgestaltung und HR-Management','Work Design and HR Management'),(760,'International Banking and Finance (E)','International Banking and Finance (E)'),(761,'Bauingenieurwesen - Baumanagement','Civil Engineering and Construction Management'),(762,'Bauingenieurweseen - Baumanagement','Civil Engineering and Construction Management'),(763,'Betriebswirtschaft & Wirtschaftspsychologie','Business Administration & Psychology'),(764,'Bioengineering','Bioengineering'),(765,'Bioinformatik','Bioinformatics'),(766,'Biomedical Engineering / Biomedizinische Ingenieurwissenschaft','Biomedical Engineering'),(767,'Medical Engineering & eHealth (E)','Biomedical Engineering Sciences (E)'),(768,'Biotechnologisches Qualitätsmanagement','Biotechnological Quality Management'),(769,'Bioverfahrenstechnik','Bioprocess Technology'),(770,'Elektronik/Electronic Engineering','Electronic Engineering'),(771,'Elektronik & Wirtschaft / Electronics & Business','Electronics & Business'),(772,'Erneuerbare Urbane Energiesysteme','Renewable Urban Energy Systems'),(773,'Europäische Wirtschaft und Unternehmensführung','European Economy and Business Management'),(774,'Financial Management & Controlling','Financial Management & Controlling'),(775,'Finanz-, Rechnungs- und Steuerwesen','Finance, Accounting & Taxation'),(776,'Game Engineering und Simulation','Game Engineering und Simulation'),(777,'Gesundheits- und Rehabilitationstechnik','Healthcare and Rehabilitation Technology'),(778,'High Tech Manufacturing','High Tech Manufacturing'),(779,'Immobilienmanagement','Real Estate Management'),(780,'Immobilienwirtschaft','Real Estate'),(781,'Industrielle Elektronik','Industrial Electronics'),(782,'Informatik / Computer Science','Computer Science'),(783,'Informations- und Kommunikationssysteme / Information and Communication Systems & Services','Information and Communication Systems and Services'),(784,'Computer Science and Digital Communications','Computer Science and Digital Communications'),(785,'Innovations- und Technologiemanagement','Innovation and Technology Management'),(786,'Integriertes Sicherheitsmanagement','Integrated Safety and Security Management'),(787,'Integrative Stadtentwicklung -Smart City','Integrative Urban Development – Smart City'),(788,'International Business Administration (E)','International Business Administration (E)'),(789,'International Management and Leadership (E)','International Management and Leadership (E)'),(790,'Internationales Wirtschaftsingenieurwesen / International Business Engineering','International Business and Engineering'),(791,'IT Security','IT Security'),(792,'Journalismus und Medienmanagement','Journalism & Media Management'),(793,'Journalismus & Neue Medien','Journalism & New Media'),(794,'Kommunikationsmanagement','Communication Management'),(795,'Kommunikationswirtschaft','Corporate Communication'),(796,'Logistik und Transportmanagement','Logistics and Transport Management'),(797,'Logopädie-Phoniatrie-Audiologie','Speech Therapy - Phoniatrics - Audiology'),(798,'Marketing und Sales','Marketing & Sales'),(799,'Marketing und Salesmanagement','Marketing & Sales Management'),(800,'Mechatronik / Robotik','Mechatronics/Robotics'),(801,'Molekulare Biotechnologie','Molecular Biotechnology'),(802,'Softwareentwicklung','Software Engineering'),(803,'Architektur - Green Building','Architecture - Green Building'),(804,'Personalmanagement','Human Resources Management'),(805,'Organisations- & Personalentwicklung','Organisational & Human Resources Development'),(806,'Projektmanagement und Informationstechnik (PIT)','Project Management and Information Technology (PIT)'),(807,'Projektmanagement und Organisation','Project Management and Organisation'),(808,'Quantitative Asset and Risk Management (E)','Quantitative Asset and Risk Management (E)'),(809,'Integriertes Risikomanagement','Integrated Risk Management'),(810,'Sozialraumorientierte und klinische Soziale Arbeit','Spatial and Clinical Social Work'),(811,'Sportgerätetechnik / Sports-Equipment Technology','Sports Equipment Technology'),(812,'Sozialwirtschaft und Soziale Arbeit','Social Economy and Social Work'),(813,'Technisches Management','Technical Management'),(814,'Technisches Umweltmanagement und Ökotoxikologie','Environmental Management and Ecotoxicology'),(815,'Technisches Vertriebsmanagement','Technical Sales and Distribution Management'),(816,'Telekommunikation und Internettechnologie','Telecommunication and Internet Technologies'),(817,'Tourismus-Management','Tourism'),(818,'Leadership im Tourismus','Leadership in Hospitality & Tourism'),(819,'Unternehmensführung - Entrepreneurship','Management & Entrepreneurship'),(820,'Executive Management (E) - Unternehmensführung','Executive Management (E)'),(821,'Urbane Erneuerbare Energietechnologien','Urban Renewable Energy Technologies'),(822,'Electronic Systems Engieering','Electronic Systems Engineering'),(823,'Wirtschaftsinformatik / Business Informatics','Business Informatics'),(824,'Jazz','Jazz'),(825,'Zeitgenössischer Tanz -  Bühnentanz / Performance / Pädagogik','Contemporary Dance - Stage Dance / Performance / Education'),(826,'Instrumentalstudium','Instrumental Studies'),(827,'Schauspiel','Drama'),(828,'Tanzpädgogik - Movement Studies (D/E)','Dance Pedagogy - Movement Studies (D/E)'),(829,'Instrumental- / Gesangs / Pädagogik','Music Education - Instruments / Voice'),(830,'Elementare Musikpädagogik','Elementary Music Education'),(831,'Musikvermittlung – Musik im Kontext','Conveyance of Music - Music in the Context'),(832,'Medizinjournalismus und Öffentlichkeitsarbeit','Medical Journalism and Public Relations'),(833,'Ästhetisch-rekonstruktive Zahnmedizin (E u. D)','Aesthetical-Reconstructive Dentistry (E + German)'),(834,'Lehramt Sekundarstufe','Teacher Training Programme for Secondary Schools'),(835,'Lizentiat Katholische Theologie','Licentiate Programme in Catholic Theology'),(836,'Kunstwissenschaft – Philosophie','Arts Studies - Philosophy'),(837,'Kunstwissenschaft - Philosophie','Art Studies and Philosophy'),(838,'Tasteninstrumente','Keyboard Instruments'),(839,'Saiteninstrumente','String Instruments'),(840,'Blasinstrumente und Schlagwerk','Wind and Percussion Instruments'),(841,'Alte Musik','Early Music'),(842,'Jazz-Gesang','Jazz Singing'),(843,'Jazz-Instrumental','Jazz - Instrumental'),(844,'Jazz-Komposition und Arrangement','Jazz - Composition and Arrangement'),(845,'Gesang und Oper','Voice and Opera'),(846,'Musikalisches Unterhaltungstheater','Musical Theatre'),(847,'Zeitgenössische Tanzpädagogik','Contemporary Dance Education'),(848,'Zeitgenössischer und Klassischer Tanz','Contemporary and Classical Dance'),(849,'Master of Arts Education','Classical Operetta'),(850,'Tourism Management (E)','Tourism Management, Bachelor of Business Administration (E)'),(851,'Sustainable Development, Management and Policy (E)','Sustainable Development, Management and Policy (E)'),(852,'International Tourism Management (E)','International Tourism Management (E)'),(853,'Master of Business Administration (MBA) with a specialization in Innovation and Experience Design for Tourism (E)','Master of Business Administration (MBA) with a specialization in Innovation and Experience Design for Tourism (E)'),(854,'Medizinische Wissenschaft','Medical Science'),(855,'Pflegewissenschaft (Online-Studium)','Nursing (online study programme)'),(856,'Palliative Care','Palliative Care'),(857,'Event Engineering','Event Engineering'),(858,'Grafik- & Informationsdesign','Graphic & Information Design'),(859,'Innenarchitektur & 3D-Gestaltung','Interior Design & 3D Design'),(860,'Management by Design','E-Mobility & Energy Management'),(861,'Betriebswirtschaft im Gesundheitswesen','Business Management in Health Care'),(862,'Gesundheitswissenschaften','Health Sciences'),(863,'Psychotherapiewissenschaft','Psychotherapy Science'),(864,'Humanmedizin oder Zahnmedizin','Medicine or Dentistry'),(865,'Betriebswirtschaftslehre','Business Administration'),(866,'Betriebswirtschaftslehre mit dem Fokus auf Tourismus- und Hospitality Management','Business Administration with a Focus on Tourism Management and Destination Management'),(867,'Wirtschaftspsychologie','Business Psychology'),(868,'BWL mit Schwerpunkt Sport- und Eventmanagement','Sports Management and Event Management'),(869,'General Management, MBA','General Management, MBA'),(870,'Business Administration (E)','Business Administration (E)'),(871,'Management (without an emphasis) (E)','Management (without an emphasis) (E)'),(872,'Management with an emphasis in International Business (E)','Management with an emphasis in International Business (E)'),(873,'Management with an emphasis in Marketing Emphases (E)','Management with an emphasis in Marketing (E)'),(874,'International Relations (E)','International Relations (E)'),(875,'Psychology (E)','Psychology (E)'),(876,'Media Communications (E)','Media Communications (E)'),(877,'Finance (E)','Finance (E)'),(878,'Marketing (E)','Marketing (E)'),(879,'Master of Business Administration (E)','Master of Business Administration (E)'),(880,'Global International Relations (E)','International Relations (E)'),(881,'Lehramt für die Sekundarstufe - Berufsbildung Technik und Gewerbe','Teacher Training Programmes for Secondary Schools - Vocational Education in Technical Trades'),(882,'Lehramt für die Sekundarstufe -Facheinschlägige Studien ergänzende Studien','Teacher Training Programme for Secondary Schools - Studies complementing subject-specific studies'),(883,'Lehramt für die Primarstufe','Teacher Training Programme for Primary/Elementary Schools'),(884,'Lehramt für die Sekundarstufe','Teacher Training Programme for Secondary Schools'),(885,'Schulmanagement','Language Teaching & Multilingualism'),(886,'Lehramt für die Primarstufe (auch berufsbegleitend)','Teacher Training Programme for Primary/Elementary Schools (extra-occupational courses also available)'),(887,'Lehramt für die Sekundarstufe (auch berufsbegleitend)','Teacher Training Programme for Secondary Schools (extra-occupational courses also available)'),(888,'Schulmanagement: Professionell führen - nachhaltig entwickeln','Education Management and School Development'),(889,'Lehramt für die Sekundarstufe Berufsbildung - Fachbereich Information und Kommunikation','Teacher Training Programme for Secondary Schools of Vocational Education – Subject area: Information and Communication'),(890,'Lehramt  für die Primarstufe','Teacher Training Programme for Primary/Elementary Schools'),(891,'Lehramt für die Sekundarstufe Berufsbildung - Fachbereich Facheinschlägige Studien ergänzende Studien','Teacher Training Programme for Secondary Schools of Vocational Education – Subject area: Complementary studies'),(892,'Gesundheitsförderung und Gesundheitspädagogik','Teacher Training for Vocational Schools'),(893,'Lehramtsstudium Ernährung','Teacher Training Programme for Secondary Schools of Vocational Education – Subject area:  Nutrition'),(894,'Lehramtsstudium Information und Kommunikation (Angewandte Digitalisierung)','Teacher Training Programme in Information and Communication (Applied Digitisation)'),(895,'Lehramtsstudium Duale Ausbildung und Technisch-gewerbliche Bildung','Teacher Training Programme: Dual Education and Training and Technical and Industrial Education'),(896,'Lehramt für die Sekundarstufe Berufsbildung - Facheinschlägige Studien ergänzendes Bachelorstudium','Teacher Training Programme for Secondary Schools of Vocational Education – Bachelor’s programme complementing subject-specific studies'),(897,'Lehramt für die Sekundarstufe Berufsbildung - Fachbereich Ernährung','Teacher Training Programme for Secondary Schools of Vocational Education – Subject area: Nutrition'),(898,'Lehramt für die Sekundarstufe Berufsbildung - Duale Berufsausbildung sowie Technik und Gewerbe','Teacher Training Programme for Secondary Schools of Vocational Education – Subject area:  Dual Vocational Education and Education in Technical Trades'),(899,'Andragogik / Erwachsenenbildung','Andragogy / Adult Education'),(900,'School Development – Schulentwicklung','School Development'),(901,'Agrarpädagogik - Lehramt für Land und Forstwirtschaftliche Schulen','Agricultural Pedagogy - Teacher Training for Agricultural and Forestry Schools'),(902,'Umweltpädagogik - Lehramt für berufsbildende mittlere und höhere Schulen','Environmental Education - Teacher Training for (at Technical and Vocational Schools and Colleges'),(903,'Agrar-/Umweltpädagogik - Lehramtsstudium','Agricultural Education'),(904,'Bildungsmanagement im ländlichen Raum','Educational Managment in Rural Areas'),(905,'Lehramt für die Sekundarstufe Berufsbildung - Fachbereich Mode und Design','Teacher Training Programme for Secondary Schools of Vocational Education - Subject area: Fashion and Design'),(906,'Lehramt für die Sekundarstufe Berufsbildung - Fachbereich Facheinschlägige Studien ergänzende Studien (berufsbegleitend)','Teacher Training Programme for Secondary Schools of Vocational Education – Subject area: Complementary Studies (extra-occupational)'),(907,'Lehramt für die Sekundarstufe Berufsbildung - Fachbereich Duale Berufsausbildung sowie Technik und Gewerbe','Teacher Training Programme for Secondary Schools of Vocational Education – Subject area:  Dual Vocational Education and Education in Technical Trades'),(908,'Lehramt für r.k. Religion für die Sekundarstufe','Teacher Training Programme for Roman-Catholic Religion for Secondary Schools'),(909,'Lehramt für r.k. Religion für die Primarstufe','Teacher Training Programme for Roman-Catholic Religion for Primary/Elementary Schools'),(910,'Verhaltensauffälligkeiten und Schule','Behavioral Disorders and School'),(911,'Informationsmanagement und E-Learning','Information Management and E-Learning'),(912,'Supervision und Coaching in Organisationen','Supervision and Coaching in Organisations'),(913,'Theaterpädagogik – Lernen durch Darstellen','Theatre Education - Learning by Acting'),(914,'Gewaltprävention und Mediation','Violence Prevention and Mediation'),(915,'Lehramt Sekundarstufe für Katholische Religion für die Primarstufe','Teacher Training Programme for Secondary Schools and for Catholic Religion for Primary/Elementary Schools'),(916,'Lehramt für r.k. Religion im Bereich der Primarstufe','Teacher Training Programme for Roman-Catholic Religion for Primary/Elementary Schools'),(917,'Lehramt für die Primarstufe - Schwerpunkt Elementarpädagogik','Teacher Training Programme for Primary/Elementary Schools - Focus on Elementary Education'),(918,'Lehramt für die Primarstufe - Schwerpunkt Inklusive Pädagogik mit dem Fokus Behinderung','Teacher Training for Primary/Elementary Schools - Focus on Inclusive Education and special focus on disability'),(919,'Lehramt für die Primarstufe für Religion','Teacher Training for Religious Education for Primary/Elementary Schools'),(920,'Religion - Kultur - Spiritualität','Religion - Culture - Spirituality'),(921,'Zeitgenössischer Bühnentanz','Contemporary Stage Dance'),(922,'Sustainability in Agriculture, Food production and Food technology in Danube Region, JMP (E)','Sustainability in Agriculture, Food production and Food technology in the Danube Region, JMP (E)'),(923,'Austrian Studies - Cultures, Literatures, Languages','Austrian Studies - Cultures, Literatures, Languages'),(924,'Inclusive Education','Inclusive Education'),(925,'Molekulare Medizin','Molecular Medicine'),(926,'Montanmaschinenbau','Mechanical Engineering - Mining'),(927,'Werkstoffwissenschaft','Materials Science and Technology'),(928,'Steuern und Rechnungslegung','Taxation and Accounting'),(929,'Digital Business Management, JMP','Digital Business Management, JMP'),(930,'Steuerrecht und Steuermanagement','Taxation'),(931,'Finance & Accounting','Finance & Accounting'),(932,'International Management (E)','International Management (E)'),(933,'Psychology with an emphasis in Counseling Psychology (E)','Counseling Psychology (E)'),(934,'Space Sciences and Earth from Space','Space Sciences and Earth from Space'),(935,'Critical Studies','Critical Studies'),(936,'Doktoratsstudium International Graduate School in Nanobiotechnology (IGS-NanoBio)','Doctoral Programme \"International Graduate School in Nanobiotechnology (IGS-NanoBio)\"'),(937,'Recht und Wirtschaft für Techniker/innen','Law and Business for Engineers'),(938,'Sport-Management-Medien','Sports - Management - Media'),(939,'Dolmetschen DDP (IP)','Interpretation DDP (IP)'),(940,'Übersetzen DDP (IP)','Translation DDP (IP)'),(941,'Chemie und Technologie der Materialien','Chemistry and Technology of Materials'),(942,'Circular Economy International Master\'s Programme, JMP (E)','Industrial Ecology JMP (E)'),(943,'South-Eastern European Studies JMP (E)','South-Eastern European Studies JMP (E)'),(944,'Viola da Gamba / Violine','Viola da Gamba / Violin'),(945,'Barockvioline / Barockviola','Baroque Violin / Baroque Viola'),(946,'Barockcello','Baroque Violoncello'),(947,'Klavier Soloausbildung','Piano Soloist Education'),(948,'Klavierkammermusik und Liedgestaltung','Piano Chamber Music and Song Interpretation'),(949,'Korrepetition und Musiktehater','Coaching and Musical Theatre'),(950,'Hammerklavier','Fortepiano'),(951,'Umweltsystemwissenschaften - Geographie','Environmental Systems Sciences - Geography'),(952,'Umweltsystemwissenschaften - Volkswirtschaftslehre','Environmental Systems Sciences - Economics'),(953,'Kunsttherapie und Pädagogik','Art Therapy and Education'),(954,'Interdisziplinäres Doktoratsstudium der Umwelt-, Regional- und Bildungswissenschaftlichen Fakultät','Interdisciplinary Doctoral Programme at the Faculty of Environmental, Regional and Education Studies'),(955,'Doktoratstudium der Umwelt-, Regional- und Bildungswissenschaftlichen Fakultät','Doctoral Programme at the Faculty of Environmental, Regional and Education Studies'),(956,'Tissue Engineering and Regenerative Medicine (E)','Tissue Engineering and Regenerative Medicine (E)'),(957,'Marketing & Sales (E)','Marketing & Sales (E)'),(958,'Green Marketing (Organic Business & Marketing)','Green Marketing (Organic Business & Marketing)'),(959,'Lebensmittel-Produktentwicklung & Ressourcenmanagement','Food Product Development & Resource Management'),(960,'EEMS - Electrical Energy & Mobility Systems (E)','EEMS - Electrical Energy & Mobility Systems (E)'),(961,'MBLB - Maschinenbau / Leichtbau','Light Weight Engineering'),(962,'Luftfahrt/Aviation (E)','Aviation (E)'),(963,'Fahrzeugtechnik / Automotive Engineering','Automotive Engineering'),(964,'Produktionstechnik und Organisation - dual','Production Technology and Organisation - dual study programme'),(965,'International Industrial Management','International Industrial Management'),(966,'Energy and Transport Management (E)','Energy and Transport Management (E)'),(967,'MultiMediaTechnology','MultiMediaTechnology'),(968,'Bahntechnologie und Management von Bahnsystemen','Rail Technology and Management of Railway Systems'),(969,'Digital Marketing & Kommunikation','Digital Marketing & Communication'),(970,'Comparative Morphology, Komparative Morphologie von Vertebraten, European Master (E)','Comparative Morphology of Vertebrates, European Master\'s Programme (E)'),(971,'Human-Animal Interactions, Mensch-Tier-Beziehung, Interdiciplinary Master (E)','Human-Animal Interactions, Interdiciplinary Master\'s Programme (E)'),(972,'Film-, TV- und Medienproduktion','Film, TV and Media Production'),(973,'Mechatronik / Wirtschaft','Mechatronics & Business Management'),(974,'Strategic Human Resource Management in Europe (E)','Strategic Human Resource Management in Europe (E)'),(975,'Umwelt- und Nachhaltigkeitsmanagement','Environmental and Sustainability Management'),(976,'Tax Management','Tax Management'),(977,'Clinical Engineering','Clinical Engineering'),(978,'Health Assisting Engineering','Health Assisting Engineering'),(979,'Regenerative Energiesysteme & technisches Energiemanagement','Regenerative Energy Systems & Technological Energy Management'),(980,'Aerospace Engineering (E)','Aerospace Engineering (E)'),(981,'Applied Image and Signal Processing (E)','Applied Image and Signal Processing (E)'),(982,'Soziale Innovation - Innovationsentwicklung im Social - Profit - Sektor','Social Innovation - Innovation Development in the Social Profit Sector'),(983,'International Business & Management (E)','International Business & Management (E)'),(984,'Umwelt-, Verfahrens- & Energietechnik','Environmental, Process & Energy Engineering'),(985,'Applied Image and Signal Processing, JDM (E)','Applied Image and Signal Processing, JDM (E)'),(986,'Theologische Spezialisierung (Advanced Theological Studies)','Advanced Theological Studies'),(987,'International Master in Cultural Sociology (JMD), Kultursoziologie (E)','International Master in Cultural Sociology (JMD) (E)'),(988,'Technische Mathematik (E)','Technical Mathematics (E)'),(989,'Statistik - Wirtschaftsmathematik','Statistics and Mathematics in Economics'),(990,'Socio-Ecological Economics and Policy (E)','Socio-Ecological Economics and Policy (E)'),(991,'Viola da Gamba / Violone','Viola da Gamba / Violon'),(992,'Historische Streichinstrumente / Violoininstrumente','Early Music / Violin Instruments'),(993,'Historische Streichinstrumente / Violininstrumente','Early Music / Violin Instruments'),(994,'Social Design - Art as Urban Innovation','Social Design - Art as Urban Innovation'),(995,'ESS - Climate Change and Environmental Technology (E)','ESS - Climate Change and Environmental Technology (E)'),(996,'PhD der Wirtschafts- und Sozialwissenschaften','PhD in Economics and Social Sciences'),(997,'PhD Advanced Theological Studies / Religionspädagogik','PhD Advanced Theological Studies / Religious Education'),(998,'PhD Italienisches Recht (DDP) (IP)','PhD in Italian Law (DDP), Doctor of Philosophy'),(999,'Mechatronik & Smart Technologies (E)','Mechatronics & Smart Technologies (E)'),(1000,'Innovationsorientiertes Management im Bildungsbereich','Innovation-oriented Management in Education'),(1001,'Mentoring - Berufseinstieg professionell begleiten','Mentoring'),(1002,'Entwicklung, Begleitung und Beratung an Schulen','Development, Coaching and Counselling at Schools'),(1003,'Graduiertenkolleg für DoktorandInnen','Graduate School for Doctoral Candidates'),(1004,'Katholische Religion, Lehramt an Pflichtschulen','Religious Education - Catholic - Teacher Training Programme for Compulsory Schools'),(1005,'Supervision, Coaching und Organisationsentwicklung','Supervision, Coaching and Organisational Development'),(1006,'Lehramt für Islamische Religion an Pflichtschulen','Teacher Training Programme for Islamic Religion at Compulsory Schools'),(1007,'Gesundheitsinformationssysteme','Health Information Systems'),(1008,'Health Technology Assessment','Health Technology Assessment'),(1009,'Management und Ökonomie im Gesundheitswesen','Management and Economics in Health Care'),(1010,'Technische Wissenschaften','Technological Sciences'),(1011,'Public Health','Public Health'),(1012,'Sportmedizin, Gesundheitstourismus und Freizeitwissenschaften','Sports Medicine, Health Toursim and Leisure Sciences'),(1013,'PhD Studium - International Business Taxation (E)','PhD programme - International Business Taxation (E)'),(1014,'Doctor of Philosophy der Medizinischen Wissenschaften (E)','Doctor of Philosophy in Medical Sciences (E)'),(1015,'Gemeinsames Doktoratsstudium Diversity Management and Governance (DDP) (E) (IP)','Joint PhD Programme in Diversity Management and Governance (DDP) (E)'),(1016,'Doktoratsstudium der Philosophie an der NAWI Fakultät','Doctoral Programme in Philosophy at the Faculty of Natural Sciences'),(1017,'Computational Science','Computational Science'),(1018,'Deutsche Philologie des Mittelalters und der frühen Neuzeit, JMD','Medieval and Modern Latin Philology, JMD'),(1019,'Polymer Technologies and Science (E)','Polymer Technologies and Science (E)'),(1020,'Media and Convergence Management (E)','Media and Convergence Management (E)'),(1021,'General Management ESC Troyes, DDP - JKU Linz (IP)','General Management ESC Troyes, DDP - University of Linz (IP)'),(1022,'Kammermusik für Klaviertrio','Piano Trio Chamber Music'),(1023,'Kammermusik für Streichquartett','String Quartet Chamber Music'),(1024,'Komposition und Musiktheoriepädagogik','Composition and Music Theory Education'),(1025,'PhD in Interdisciplinary Legal Studies','PhD in Interdisciplinary Legal Studies'),(1026,'PhD in Fachdidaktik, Doctor of Philosophy','PhD in Teaching Methodology, Doctor of Philosophy'),(1027,'Manual & Material Culture (Design, Handwerk & materielle Kultur)','Manual & Material Culture'),(1028,'Entrepreneurship & Innovation','Entrepreneurship & Innovation'),(1029,'Information Medien Kommunikation','Information Media Communication'),(1030,'Lebensmitteltechnologie und Ernährung','Food Technology and Nutrition'),(1031,'Energietechnik und Energiewirtschaft','Energy Technology and Energy Economics'),(1032,'Orale Chirurgie / Implantologie (Oral Surgery / Implantology) (E u. D)','Oral Surgery / Implantology'),(1033,'Endodontie','Endodontia'),(1034,'Kieferorthopädie / Orthodontics(E u. D)','Orthodontics'),(1035,'Dental Hygiene','Dental Hygiene'),(1036,'Molekulare Biowissenschaften (JDP) (IP)','Molecular Biosciences (JDP) (IP)'),(1037,'Global Business Russland/Italien JMP  (E)','Global Business Russia/Italy JMP (E)'),(1038,'Stzw. Bildende Kunst','Branch of studies Fine Arts'),(1039,'Hotel Management and Operations (E)','Hotel Management and Operations (E)'),(1040,'PhD in Business and Socioeconomic Sciences (E)','PhD in Business and Socioeconomic Sciences (E)'),(1041,'Hypnosystemische Beratung und Interventionen','Hypnosystemic Counselling and Interventions'),(1042,'Medical Sciences (E)','Health Sciences (E)'),(1043,'Green Care','Green Care'),(1044,'Begabung - Person - Potential','Talent - Person - Potential'),(1045,'Geragogik','Geragogy'),(1046,'Management for Health Professionals, Schwerpunkt: Krankenhausmanagement','Management for Health Professionals, Focus: Hospital Management'),(1047,'Disability & Diversity Studies - DDS','Disability & Diversity Studies - DDS'),(1048,'Smart Building - Energieoptimierte Gebäudetechnik & Nachhaltiges Bauen','Smart Building - Energy-efficient building technology and sustainable building'),(1049,'Digital Marketing','Digital Marketing'),(1050,'Web Communication & Information Systems','Web Communication & Information Systems'),(1051,'Green Building','Green Building'),(1052,'Accounting, Auditing and Taxation','Accounting, Auditing and Taxation'),(1053,'Angewandte Fotografie und zeitbasierte Medien, Studienzweig','Applied Photography and Time-based Media, branch of studies'),(1054,'Infrastrukturmanagement','Infrastructure Management'),(1055,'Umweltingenieurwissenschaften','Environmental Engineering'),(1056,'Historische Hilfswissenschaften und Archivwissenschaft','History Research, Auxiliary Sciences of History and Archive Studies'),(1057,'Globalgeschichte und Global Studies; Joint Programme','Global History and Global Studies; Joint Programme'),(1058,'Global Studies - Fachschwerpunkt Gesellschaft und Kultur','Global Studies - Specialisation in Society and Culture'),(1059,'Chemistry and Physics of Materials (E)','Chemistry and Physics of Materials (E)'),(1060,'Environmental Management of Mountain Areas (EMMA)','Environmental Management of Mountain Areas (EMMA)'),(1061,'Weinbau, Önologie und Weinwirtschaft','Viticulture, Oenology & Wine Industry'),(1062,'Wirtschaft, Gesundheits- und Sporttourismus','Economics, Health and Sports Tourism'),(1063,'Bildende Kunst','Fine Arts'),(1064,'Computermusik','Computer Music'),(1065,'Klavierduo','Piano Duo'),(1066,'Traversflöte','Transverse Flute'),(1067,'Historische Aufführungspraxis','Historical Performance Practice'),(1068,'Barockgesang','Baroque Vocal'),(1069,'Barockoboe','Baroque Oboe'),(1070,'Communication, Media, Sound and Interaction Design - Sound Design','Communication, Media, Sound and Interaction Design - Sound Design'),(1071,'Historische Blasinstrumente / Oboe','Early Music - Historical Oboes'),(1072,'Klavier-Duo','Piano Duo'),(1073,'Doktoratsstudium der Pädagog/inn/enbildung','Doctoral Programme in Teacher Education'),(1074,'Recyclingtechnik','Recycling'),(1075,'Advanced Mineral Resources Development, JMDP (E)','Advanced Mineral Resources Development, JMDP (E)'),(1076,'Export und Internationalisierungsmanagement','Export and Internationalisation Management'),(1077,'Bauingenieurwesen im Hochbau','Civil Engineering'),(1078,'Human Centered Computing','Human Centered Computing'),(1079,'Sustainable Energy Systems (E)','Sustainable Energy Systems (E)'),(1080,'Content-Produktion & Digitales Medienmanagement','Content Production & Digital Media Management'),(1081,'Elektrotechnik, dual','Electrical Engineering - dual programme'),(1082,'Marketing- & Konsumentenforschung -Consumer Affairs','Consumer Affairs'),(1083,'Sales Management für technische Produkte und Dienstleistungen','Sales Management for Technical Products and Services'),(1084,'Allgemeine Gesundheits- und Krankenpflege','General Health Care & Nursing'),(1085,'Aging Services Management','Aging Services Management'),(1086,'Sozialmanagement in der Elementarpädagogik','Social Management in Early Education and Care'),(1087,'KMU-Management & Entrepreneurship','SME Management & Entrepreneurship'),(1088,'Digital Healthcare','Digital Healthcare'),(1089,'Lebensmitteltechnologie & Ernährung','Food Technology & Nutrition'),(1090,'Engineering and Production Management','Engineering and Production Management'),(1091,'Bank- und Versicherungsmanagement','Banking and Insurance Management'),(1092,'Massenspektrometrie und molekulare Analytik','Mass Spectrometry and Molecular Analysis'),(1093,'Nachhaltiges Lebensmittelmanagement','Sustainable Food Management'),(1094,'Content Strategie / Content Strategy','Content Strategy'),(1095,'Instrumental- / Gesangs / Pädagogik - Jazz (IGP)','Music Education - Instruments / Voice - Jazz'),(1096,'Instrumental- / Gesangs / Pädagogik - Jazz  (IGP)','Music Education - Instruments / Voice - Jazz and Improvised Music'),(1097,'Orchesterakademie','Orchestral Academy'),(1098,'Katholische Theologie','Catholic Theology'),(1099,'Master of Business Administration (MBA) with a specialization in Digital Marketing an Social Media (E)','Master of Business Administration (MBA) with a major in New Media und Information Management (E)'),(1100,'Master of Business Administration (MBA) with a specialization in Sustainable Management and Governance (E)','Master of Business Administration (MBA) with a specialization in Sustainable Management and Governance (E)'),(1101,'Innenarchitektur & visuelle Kommunikation','Spatial and Information Design'),(1102,'Soziokulturelle Animantion - Gruppen spielend leiten','Leading groups by means of animation'),(1103,'Interreligiöse Kompetenz und Mediation','Interreligious Skills and Mediation'),(1104,'Kommunikation & Coaching','Communication & Coaching'),(1105,'Intermediale Kunst- und Kreativpädagogik','Intermedia Art Education and Creative Education'),(1106,'Leadership in NPOs','Leadership in NPOs'),(1107,'Psychagogik','Psychagogy'),(1108,'Mentoring: Berufseinstieg professionell begleiten','Mentoring: Accompanying job entry in a professional way'),(1109,'Berufsorientierung','Education and Media - eEducation'),(1110,'Kultur und Gesellschaft des modernen Südasiens','Culture and Society in Modern South Asia'),(1111,'Communication Science (E)','Communication Science (E)'),(1112,'Osteuropastudien, Interdisziplinäre','Eastern European Studies, Interdisciplinary'),(1113,'Physics of the Earth (Geophysics), JDP (E) (IP)','Physics of the Earth (Geophysics), JDP (E) (IP)'),(1114,'Pharmazeutische Wissenschaften','Pharmaceutical Sciences'),(1115,'Doktoratsstudium (PhD) Education','Doctor of Philosophy Programme (PhD) Education'),(1116,'Doktoratsstudium Wissenschaft und Kunst','Doctoral programme in Science and Art'),(1117,'General Management DDP STUST Tainan - JKU Linz (E) (IP)','General Management DDP STUST Tainan - JKU Linz (E) (IP)'),(1118,'Doktoratsstudium Künstlerische Forschung (E)','Doctor of Philosophy, artistic and research-based (E)'),(1119,'Barockvioline /Barockviola','Baroque Violin / Baroque Viola'),(1120,'Bewegung und Sport  - Unterrichtsfach','Movement and Sports - Subject'),(1121,'Bosnisch / Kroatisch / Serbisch - Unterrichtsfach','Bosnian / Croatian / Serbian - Subject'),(1122,'Spezielle Inklusive Pädagogik, Spezialisierung - Unterrichtsfach','Inclusive Pedagogy, Specialisation - Subject'),(1123,'Spezielle Vertiefende Katholische Religionspädagogik für die Primarstufe  - Unterrichtsfach','Specialisation Advanced Catholic Religion Primary Level - Subject'),(1124,'Islamische Religion - Unterrichtsfach','Islamic Religion - Subject'),(1125,'Lehramt für den Sekundarbereich','Teacher training programme for secondary schools'),(1126,'Vertiefende katholische Religionspädagogik für die Primarstufe','Advanced Catholic Religion Primary Level'),(1127,'Migration Studies','Migration Studies'),(1128,'Regenerative Medizin','Regenerative Medicine'),(1129,'Kunst und Bildung, Unterrichtsfach Bildnerische Erziehung','Art and Education, Subject - Teacher Training in Art Education'),(1130,'Bildnerische Erziehung -Unterrichtsfach','Art Education - Subject'),(1131,'Textiles Gestalten - Unterrichtsfach','Textile Design - Teacher Training'),(1132,'Instrumental- (Gesangs)pädagogik - Klassik','Music Education - Voice and Instruments - Classical Music'),(1133,'Inklusive Pädagogik mit Fokus Behinderung für die Sekundarstufe','Inclusive Pedagogy with a Focus on Disability for Secondary Schools'),(1134,'Informatik und Informatikmanagement- Unterrichtsfach','Informatics and Informatics Management'),(1135,'Elektrotechnik-Toningenieur','Electrical Engineering and Audio Engineering'),(1136,'Elektrotechnik - Toningenieur','Electrical Engineering and Audio Engineering'),(1137,'Cloud Computing Engineering','Cloud Computing Engineering'),(1138,'Electrical Engineering (E)','Electrical Engineering (E)'),(1139,'Energy Informatics (E)','Energy Informatics (E)'),(1140,'Information Security Management','Information Security Management'),(1141,'Smart Homes and Assistive Technology','Smart Homes and Assistive Technology'),(1142,'International Wine Business (E)','International Wine Business (E)'),(1143,'Eco Design','Eco Design'),(1144,'Business Development & Management','Business Development & Management'),(1145,'Industrial Engineering & Management','Industrial Engineering & Management'),(1146,'Smart Engineering of Production Technologies and Processes','Smart Engineering of Production Technologies and Processes'),(1147,'Health Economics and Management, European Master (E)','Health Economics and Management, European Master (E)'),(1148,'Verpackungstechnologie','Packaging Technology'),(1149,'Grundlagen christlicher Theologie','Basics of Christian Theology'),(1150,'Religion in Kultur und Gesellschaft','Religion in Culture and Society'),(1151,'Nursing an Allied Health Sciences','Nursing and Allied Health Sciences'),(1152,'Kunsttherapie','Art Therapy'),(1153,'Strategic Finance and Business Analytics (E)','Strategic Finance and Business Analytics (E)'),(1154,'PhD in International Economic Relations and Management (E)','PhD in International Economic Relations and Management (E)'),(1155,'Philosophy (E)','Philosophy (E)'),(1156,'Theater-, Film und Medienwissenschaft','Theatre, Film and Media Studies'),(1157,'Spezielle Inklusive Pädagogik (Fokus Beeinträchtigungen) - Unterrichtsfach','Specialisation Inclusive Pedagogy (Focus on disability) - Subject'),(1158,'Zeitgeschichte und Medien','Contemporary History and Media'),(1159,'Ethik für Schule und Beruf','Ethics for School and Job'),(1160,'Evolutionary Systems Biology (E)','Evolutionary Systems Biology (E)'),(1161,'Bildungs- und Berufsberatung','Educational and Career Conselling'),(1162,'Lehramtsstudium Sekundarstufe','Teacher Training Programme for Secondary Schools'),(1163,'Lehramt für die Primarstufe - Schwerpunkt Fachliche Bildungsbereiche','Teacher Training Programme for Primary/Elementary Schools - Focus on specialist areas of education'),(1164,'Lehramtsstudium Primarstufe - Schwerpunkt Die Schule als sich selbst entwickelnde Organisation','Teacher Training Programme for Primary/Elementary Schools - Focus: The school as a self-developing organisation'),(1165,'Medical Biology (E)','Medical Biology (E)'),(1166,'Data Science','Data Science'),(1167,'Grundlagen theologischer Wissenschaft','Fundamentals of Theology'),(1168,'Digital Communication Leadership, JDP (E) (IP)','Digital Communication Leadership, JDP (E) (IP)'),(1169,'Religious Studies','Religious Studies'),(1170,'Wissenschaft, Technik & Gesellschaft','Science, Technology & Society Studies'),(1171,'Chordirigier-Pädagogik','Education in Choral Conducting'),(1172,'Rechtswissenschaften / Jus','Law'),(1173,'Parodontology and Implantology','Parodontology and Implantology'),(1174,'Alte Musik - künstlerisch pädagogisch','Early Music - artistic and educational study programme'),(1175,'Neue Musik-Ensemble','New Music - Ensemble'),(1176,'Klavier Konzertfach und Neue Musik','Piano and Contemporary Music'),(1177,'Orgel Konzertfach - Improvisation','Organ Improvisation'),(1178,'Law and Politics, PhD','Law and Politics, PhD'),(1179,'Ernährung, Gesundheit und Konsum - Unterrichtsfach','Nutrition, Health and Consumption - Subject'),(1180,'Berufsgrundbildung - Unterrichtsfach','Vocational Basic Training - Subject'),(1181,'Berufsorientierung / Lebenskunde - Unterrichtsfach','Vocational orientation / Life skills - Subject'),(1182,'Schule und Religion, Spezialisierung - Unterrichtsfach','School and religion, specialisation'),(1183,'Spezielle Inklusive Pädagogik / Fokus Behinderung, Spezialisierung - Unterrichtsfach','Special Inclusive Education / Focus on disability, specialisation - Subject'),(1184,'Inklusive Pädagogik / Fokus Behinderung, Spezialisierung - Unterrichtsfach','Inclusive Education / Focus on disability, specialisation - Subject'),(1185,'Gebäudetechnik und Gebäudeautomation','Building Technology and Building Automation'),(1186,'Hochschuldidaktik für Gesundheitsberufe','University Didactics for Health Professionals'),(1187,'Automotive Mechatronics and Management (E)','Automotive Mechatronics and Management (E)'),(1188,'Leichtbau und Composite Werkstoffe','Lightweight Constructions and Composite Materials'),(1189,'Entrepreneurship & Applied Management','Entrepreneurship & Applied Management'),(1190,'Smart Buildings in Smart Cities -Energieinfrastruktur und Quartierserneuerung','Smart Buildings in Smart Cities - Energy Infrastructure and District Renovation'),(1191,'Green Mobility','Green Mobility'),(1192,'Nachhaltiges Ressourcenmanagement','Sustainable Resources Management'),(1193,'Safety and Systems Engineering','Safety and Systems Engineering'),(1194,'Kinder- und Familienzentrierte Soziale Arbeit','Children and Family-Centered Social Work'),(1195,'Theaterpädagogik','Theatre Pedagogy'),(1196,'Lehramt für die Sekundarstufe Berufsbildung - Inklusiver Pädagogik (berufsbegleitend)','Teacher Training Programme for Secondary Schools of Vocational Education  - Inclusive Education (extra-occupational)'),(1197,'Lehramt Sekundarstufe Berufsbildung - Facheinschlägige Studien - Ergänzende Studien (berufsbegleitend)','Teacher Training Programme for Secondary Schools of Vocational Education – Subject-specific Studies – Complementary Studies (extra-occupational)'),(1198,'Lehramt für die Sekundarstufe - Fachbereich Duale Berufsausbildung sowie Technik und Gewerbe','Teacher Training Programme for Secondary Schools – Subject area: Dual Vocational Educaton and Educaton in Technical Trades'),(1199,'Sucht und Gewaltprävention','Addiction and Violence Prevention'),(1200,'Kollegiales Lernen und Lehren - fächerbezogene Kompetenzorientierung','Cooperative Learning and Teaching - Subject-related skills orientation'),(1201,'Begabungs- und Begatenförderung mit dem Fokus auf Heterogenität und Inklusion','Talent support with a focus on heterogeneity and inclusion'),(1202,'Lehramt für die Sekundarstufe Berufspädagogik - Duale Ausbildung sowie Technik und Gewerbe','Teacher Training Programme for Secondary Schools of Vocational Education – Subject area: Dual Vocational Education and Education in Technical Trades'),(1203,'Lehramt für die Sekundarstufe Berufsbildung - Fachbereich Information und Kommunikation (berufsbegleitend)','Teacher Training Programme for Secondary Schools of Vocational Education – Subject area: Information and Communication (extra-occupational)'),(1204,'Lehramt für die Sekundarstufe Berufsbildung - Facheinschlägige Studien ergänzende Studien','Teacher training programme for secondary schools of vocational education – Studies complementing subject-specific studies'),(1205,'Neurowissenschaften und Bildung','Neurosciences and Education'),(1206,'Lehramt Katholische Religion für die Sekundarstufe','Teacher training programme for Roman-Catholic religion for secondary schools'),(1207,'Musik','Artistic major'),(1208,'Musikpädagogik - Instrumental-(Gesangs-) pädagogik','Instrumental (Vocal) Pedagogy'),(1209,'Musikpädagogik - Instrumental- (Gesangs-) Pädagogik','Instrumental (Vocal) Pedagogy - Improvisation'),(1210,'Musik - Studienzweig Medienmusik','Media Music'),(1211,'Gesundheitsförderung und Prävention','Health Promotion and Prevention'),(1212,'Digital Business Innovation and Transformation (E)','Digital Business Innovation and Transformation (E)'),(1213,'Gesundheitsförderung und Gesundheitsforschung','Health Promotion and Health Research'),(1214,'Gesundheitsmanagement und integrierte Versorgung','Health Management and Integrated Healthcare'),(1215,'Maschinenbau - Digitalisierte Produktentwicklung & Simulation','Mechanical Engineering - Digitalised Product Development & Simulation'),(1216,'E-Commerce','E-Commerce'),(1217,'Nachhaltiges Baumanagement','Green Development'),(1218,'Corporate Governance & Finance (E)','Corporate Governance & Finance (E)'),(1219,'Smart Products & Solutions','Smart Products & Solutions'),(1220,'Lebensmittelchemie','Food Chemistry'),(1221,'Drug Discovery and Development (E)','Drug Discovery and Development (E)'),(1222,'Islamisch-Theologische Studien','Islamic Theological Studies'),(1223,'PhD in Sportwissenschaft','PhD in Sports Sciences'),(1224,'Doktoratsstudium der Philosophie in Religious Studies (der Katholisch-Theologischen Fakultät)','Doctor of Philosophy Programme in Religious Studies (at the Faculty of Catholic Theology)'),(1225,'PhD NTU Singapur (IP) (E)','PhD NTU Singapore (IP) (E)'),(1226,'Entrepreneurship and Governance (E)','Entrepreneurship and Governance (E)'),(1227,'Interactive Marketing (E)','Interactive Marketing (E)'),(1228,'Master of Business Administration (MBA) with a specialization in Entrepreneuship, Innovation and Leadership (E)','Master of Business Administration (MBA) with a specialization in Entrepreneuship, Innovation and Leadership (E)'),(1229,'Hotel Management (E)','Hotel Management (E)'),(1230,'Event Management (E)','Event Management (E)'),(1231,'PhD in Zahnmedizin','PhD in Dentistry'),(1232,'PhD in Advanced Theological Studies','PhD in Advanced Theological Studies'),(1233,'Alte Musik - künstlerisch-pädagogisch','Early Music - artistic and educational'),(1234,'Lehramtsstudium für die Primarstufe inklusiver Pädagogik (2 Schwerpunkte)','Teacher Training Programme for Inclusive Education for Primary/Elementary Schools (2 specialisation tracks)'),(1235,'Lehramt für die Sekundarstufe Berufsbildung - Fachbereich Erziehung Bildung Entwicklungsbegleitung','Teacher Training Programme for Secondary Schools of Vocational Education – Subject area: Education and Development Support'),(1236,'Lehramt für die Sekundarstufe Berufsbildung - Fachbereich Soziales','Teacher Training Programme for Secondary Schools of Vocational Education – Subject area: Social Professions'),(1237,'Agrarpädagogik - Lehramtsstudium für Berufserfahrene','Agricultural Pedagogy - Teacher training orogramme for people with professional experience'),(1238,'Agrarpädagogik - Lehramt für Berufserfahrene','Agricultural Pedagogy - Teacher training orogramme for people with professional experience'),(1239,'Lehramt für die Primarstufe - Schwerpunkt Inklusion / Sonderpädagogik','Teacher Training Programme for Primary/Elementary Schools Focus on Inclusion / Special Needs Education'),(1240,'Lehramt für die Sekundarstufe - Schwerpunkt Medienpädagogik (berufsbegleitend)','Teacher Training Programme for Secondary Schools - Focus on Media Education (extra-occupational)'),(1241,'Lehramt für die Sekundarstufe - Schwerpunkt Educational Applied Media Management EAMM (berufsbegleitend)','Teacher Training Programme for Secondary Schools - Focus on Educational Applied Media Management EAMM (extra-occupational)'),(1242,'Lehramt für die Sekundarstufe - Schwerpunkt Sozial- und Gesundheitsmanagement (berufsbegleitend)','Teacher Training Programme for Secondary Schools - Focus on Social and Health Management (extra-occupational)'),(1243,'Lehramt für die Sekundarstufe - Schwerpunkt Modemanagement (berufsbegleitend)','Teacher Training Programme for Secondary Schools - Focus on Fashion Management (extra-occupational)'),(1244,'Achtsamkeit in Bildung, Beratung und Gesundheitswesen','Mindfulness in Education, Counselling and Health Care'),(1245,'Traumapädagogik','Trauma Education'),(1246,'Bildungs-, Berufs- und Karriereberatung','Educational, Vocational and Career Counselling'),(1247,'Digitale Geisteswissenschaften','Digital Humanities'),(1248,'Konferenzdolmetschen','Conference Interpreting'),(1249,'Biorefinery Engineering (E)','Biorefinery Engineering (E)'),(1250,'Ernährung und Haushalt - Unterrichtsfach','Nutrition and Household Economics - Subject'),(1251,'Medienpädagogik, Spezielle - Unterrichtsfach','Media Pedagogics, Specialisation - Subject'),(1252,'Spezielle Inklusive Pädagogik, Spezielle (Fokus Behinderung) - Unterrichtsfach','Special Inclusive Pedagogy, Specialisation (Focus on Disability) - Subject'),(1253,'Philosophie, Politik und Ökonomie','Philosophy, Politics and Economics'),(1254,'Political Science - Integration and Governance (PoSIG), Joint Masters Programme (E)','Political Science - Integration and Governance (PoSIG), Joint Masters Programme (E)'),(1255,'Sprache - Wirtschaft - Kultur','Language - Economy - Culture'),(1256,'Games Studies and Engineering (E)','Games Studies and Engineering (E)'),(1257,'Digital Business Management, JMP (IP)','Digital Business Management, JMP (IP)'),(1258,'Petroleum Engineering - Joint International Master Program (E)','Petroleum Engineering - Joint International Master\'s Program (E)'),(1259,'Business and Economics (E)','Business and Economics (E)'),(1260,'Economics (E)','Economics (E)'),(1261,'Cross-Disciplinary Strategies Applied Studies in Art, Science, Philosophy, and Global Challenges (E)','Cross-Disciplinary Strategies – Applied Studies in Art, Science, Philosophy, and Global Challenges (E)'),(1262,'kkp: Kunst und kommunikative Praxis - Unterrichtsfach Bildnerische Erziehung','Art and Communication Practices - Subject in Art Education'),(1263,'Fachtheologie - Katholische','Theology - Catholic'),(1264,'Religionspädagogik - Katholische','Religious Education - Catholic'),(1265,'Instrumental- (Gesangs-) Pädaogik - Volksmusik','Music Education - Voice and Instruments - Folklore Music'),(1266,'Global Studies - Fachschwerpunkt Recht und Politik','Global Studies – Specialisation in Law and Politics'),(1267,'Global Studies - Fachschwerpunkt Wirtschaft und Umwelt','Global Studies - Specialisation in Economics and Environment'),(1268,'Advanced Nursing Practice','Advanced Nursing Practice'),(1269,'Applied and Exploration Geophysics, International MSc (E) (IP)','Applied and Exploration Geophysics International MSc (E) (IP)'),(1270,'Visuelle Kultur (IP)','Visual Culture (IP)'),(1271,'Digital Business & Software Engineering','Digital Business & Software Engineering'),(1272,'Angewandte Gesundheitswissenschaften','Applied Health Sciences'),(1273,'Applied Chemistry (E)','Applied Chemistry (E)'),(1274,'International Management and Leadersip (E)','International Management and Leadership (E)'),(1275,'Mobile Software Development','Mobile Software Development'),(1276,'Wirtschaftsinformatik und Digitale Transformation','Business Informatics and Digital Transformation'),(1277,'Robotik','Robotics'),(1278,'Bio Data Science','Studium Bio Data Science'),(1279,'Data Science & Intelligent Analytics','Data Science & Intelligent Analytics'),(1280,'Business Software Development','Business Software Development'),(1281,'Software Design and Engineering','Software Design and Engineering'),(1282,'Packaging Technology and Sustainability (E)','Packaging Technology and Sustainability (E)'),(1283,'Data Science and Business Analytics','Data Science and Business Analytics'),(1284,'Digital Design','Digital Design'),(1285,'Interactive Technologies','Interactive Technologies'),(1286,'Wirtschafts- und Finanzkommunikation','Economic and Financial Communications'),(1287,'Applied Technologies for Medical Diagnostics','Applied Technologies for Medical Diagnostics'),(1288,'Automotive Computing','Automotive Computing'),(1289,'Digitales Transport- und Logistikmanagement','Digital Transport and Logistics Management'),(1290,'Robotic Systems Engineering','Robotic Systems Engineering'),(1291,'Agrartechnologie und -management','Agricultural Technology and Management'),(1292,'Data and Information Science','Data and Information Science'),(1293,'Unternehmensberatung, Training & Coaching','Business Consultancy, Training & Coaching'),(1294,'Mediation und Konfliktmanagement','Mediation and Conflict Management'),(1295,'Sport- & Eventmanagement','Sports Management & Event Management'),(1296,'Betriebswirtschaftslehre mit Fokus auf Digital Business Management','Business Administration with a focus on Digital Business Management'),(1297,'Betriebswirtschaftslehre mit Fokus auf Immobilienwirtschaft','Business Administration with a focus on Real Estate Management'),(1298,'Betriebswirtschaft mit Schwerpunkt Digital Business','Business Administration with a focus on Digital Business'),(1299,'Doktoratsstudium Innovation & Creativity Management','Doctoral Programme in Innovation & Creativity Management'),(1300,'Spezielle Inklusive Pädagogik (Fokus Behinderung) - Unterrichtsfach','Special Inclusive Pedagogy (Focus on Disability) - Subject'),(1301,'Geschichte, Sozialkunde, Politische Bildung - Unterrichtsfach','History, Social Studies and Political Education - Subject'),(1302,'PhD in Education','PhD in Education'),(1303,'Umweltmeteorologie (E)','Environmental Meteorology (E)'),(1304,'Data Science (E)','Data Science (E)'),(1305,'Mathematical Modelling in Engineering: Theory, Numerics, Applications (E) (IP)','Mathematical Modelling in Engineering: Theory, Numerics, Applications (E) (IP)'),(1306,'Fashion & Technology','Fashion & Technology'),(1307,'European Chamber Music Master (E) (IP)','European Chamber Music Master (E) (IP)'),(1308,'Vocal Performance','Vocal Performance'),(1309,'Advanced Biorefineries: Chemistry and Materials','Advanced Biorefineries: Chemistry and Materials'),(1310,'Bioprocess Engineering','Bioprocess Engineering'),(1311,'Human River Systems in the 21st Century','Human River Systems in the 21st Century'),(1312,'Transitions to Sustainability','Transitions to Sustainability'),(1313,'Sustainable Materials, International Master  (E) (IP)','Sustainable Materials, International Master (E) (IP)'),(1314,'Psychosoziale Interventionen','Psychosocial Interventions'),(1315,'Soziokulturelle Arbeit','Socio-cultural Work'),(1316,'Psychotherapie','Psychotherapy'),(1317,'Pflegewissenschaft 2in1-Modell','Nursing - 2in1 Model'),(1318,'International Business and Economics','International Business and Economics'),(1319,'Leadership - eigenverantwortlich Handeln in Gesellschaft und Wirtschaft','Leadership - acting independently in society and business'),(1320,'Transkulturelle Kommunikation - 3. Fremdsprache','Transcultural Communication - Supplementary Foreign Language'),(1321,'Konferenzdolmetschen - 3. Fremdsprache','Conference Interpreting - Third Foreign Language'),(1322,'Computational Science and Engineering','Computational Science and Engineering'),(1323,'Umweltingenieurwesen','Environmental Engineering'),(1324,'Agrartechnologie & Digital Farming','Agricultural Technology & Digital Farming'),(1325,'Medical Engineering','Medical Engineering'),(1326,'Chemieingenieurwissenschaften','Chemical Engineering'),(1327,'Int. Master of Science in Building Materials and Ceramics (DDP)','Int. Master of Science in Building Materials and Ceramics (DDP)'),(1328,'Wirtschaftsrecht für technische Berufe','Business Law for technical professions'),(1329,'Digital Earth, Copernicus Master, JMP','Digital Earth, Copernicus Master, JMP'),(1330,'Digitalisierung - Innovation - Gesellschaft','Digitisation - Innovation - Society'),(1331,'Human-Computer-Interaction, JMDP','Human-Computer-Interaction, JMDP'),(1332,'Instrumental- und Gesangspädagogik (IGP)','Music Education – Voice and Instruments'),(1333,'Musikalische Aufführungskunst','Musical Performance Art'),(1334,'Philosophy, Politics and Economics','Philosophy, Politics and Economics'),(1335,'Culture, Politica and Society','Culture, Politica and Society'),(1336,'Master\'s degree programs','Master\'s degree programs'),(1337,'Doctoral Degrees','Doctoral Degrees'),(1338,'Theologische Wissenschaft im Kontext der Gegenwart','Theological science in the context of the present'),(1339,'Science and Technology of Materials, JDM','Science and Technology of Materials, JDM'),(1340,'Ethnomusikologie','Ethnomusicology'),(1341,'Philosophy and Economics','Philosophy and Economics'),(1342,'Psychologie (Schwerpunkt Technologie und Wirtschaft','Psychology (with specialization in Technology and Economics)'),(1343,'Nachhaltige Regional- und Destinationsentwicklung','Sustainable Regional and Destination Development'),(1344,'Leading Innovative Organizations','Leading Innovative Organizations'),(1345,'Global Business, Canada/Peru, JMP - PAC','Global Business, Canada/Peru, JMP - PAC'),(1346,'Applied Theatre','Applied Theatre'),(1347,'Kammermusik mit Gitarre','Chamber Music for Guitar'),(1348,'Instrumental-Korrepetition','Instrumental Coaching'),(1349,'Kompositions- und Musiktheoriepädagogik','Composition and Music Theory Education'),(1350,'Innovation','Innovation'),(1351,'Digitale Kompetenzen','Digital Skills'),(1352,'Neue Musik','Modern Music'),(1353,'Biologie und Umweltkunde -Unterrichtsfach','Biology and Environmental Protection - Subject'),(1354,'Bosnisch/Kroatisch/Serbisch -Unterrichtsfach','Bosnian/Croatian/Serbian (BCS) - Subject'),(1355,'Geographie un Wirtschaftskunde - Unterrichtsfach','Geography and Economics - Subject'),(1356,'Inter-/transkulturelle Kompetenzen','Intercultural/Transcultural Competences'),(1357,'Doctoral Program in Medical Sciences (E)','Doctoral Program in Medical Sciences (E)'),(1358,'Doctoral Program in Medical Sciences (E) - PhD','Doctoral Program in Medical Sciences (E) - PhD'),(1359,'AgriGenomics','Studium AgriGenomics'),(1360,'Biomaterials and Biointerfaces','Biomaterials and Biointerfaces'),(1361,'Spezielle Medienpädagogik','Special Media Education'),(1362,'Spezielle Vertiefende Katholische Religionspädagogik für die Primarstufe','Specialisation Advanced Catholic Religion Primary Level'),(1363,'Technisches und textiles Werken - Unterrichtsfach','Handicraft Education - Subject'),(1364,'Doktoratsstudium Antike und Moderne im europäischen Kontekt, Interdisziplinär','Doctoral programme in Antiquity and Modernity in the European context, Interdisciplinary study programme'),(1365,'Digital Business','Digital Business'),(1366,'Informatik - Digital Innovation','Computer Sciences – Digital Innovation'),(1367,'Digital Transformation Management','Digital Transformation Management'),(1368,'Informationstechnologien','Information Technology'),(1369,'Lebensmittel: Produkt- und Prozessentwicklung','Food: Product and Process Design'),(1370,'Human Computer Interaction','Human Computer Interaction'),(1371,'Applied Research and Innovation in Computer Science','Applied Research and Innovation in Computer Science'),(1372,'PhD in Psychologie','PhD in Psychology'),(1373,'Pflege- und Gesundheitspädagogik','Nursing and Health Education'),(1374,'Pflege- und Gesundheitsmanagement','Nursing and Health Management'),(1375,'Health Information Management','Health Information Management'),(1376,'Health Sciences & Leadership','Health Sciences & Leadership'),(1377,'Kulturwissenschaften','Cultural Studies'),(1378,'Transformatives Inklusionsmanagement','Transformative Inclusion Management'),(1379,'Lehramt für die Sekundarstufe Berufsbildung - Fachbereich Erziehung, Bildung & Entwicklungsbegleitung','Teacher Training Programme for Secondary Schools of Vocational Education – Subject area: Social Professions'),(1380,'Lehramt für die Sekundarstufe Berufsbildung - Fachbereich Information und Kommunikation - Spezialisierung Medieninformatik','Teacher Training Programme for Secondary Schools of Vocational Education – Subject area: Information and Communication - Specialis.: Media Informatics'),(1381,'Lehramt für die Sekundarstufe Berufsbildung Fachbereich Ernährung - Spezialisierung Gesundheitspädagogik, Prävention und Ernährung','Teacher Training Programme for Secondary Schools of Vocational Education - Subject area: Nutrition – Spec.: Health Pedagogy, Prevention and Nutrition'),(1382,'Lehramt für Sekundarstufe Berufsbildung alle Fachbereiche – Spezialisierung Inklusive Pädagogik - Integrative Berufsausbildung','Teacher Training Programme for Secondary Schools of Vocational Education/all subject areas – Spec. Inclusive Education – Integrative Vocational Educ.'),(1383,'Medizinische Biologie','Medical Biology'),(1384,'Naturwissenschaftliche Grundlagen der Technik (NAWI-TEC)','Fundamentals of Natural Sciences for Technology'),(1385,'Management & Digital Business','Studium Management & Digital Business'),(1386,'Creative Computing','Creative Computing'),(1387,'Digital Humanities','Digital Humanities'),(1388,'Business Analytics (E)','Business Analytics (E)'),(1389,'Leichtbau und Composite-Werkstoffe','Leichtbau und Composite-Werkstoffe');
/*!40000 ALTER TABLE `studienrichtung` ENABLE KEYS */;
UNLOCK TABLES;

--
-- Table structure for table `user`
--

DROP TABLE IF EXISTS `user`;
/*!40101 SET @saved_cs_client     = @@character_set_client */;
/*!40101 SET character_set_client = utf8 */;
CREATE TABLE `user` (
  `uid` bigint(20) NOT NULL AUTO_INCREMENT,
  `email` varchar(320) COLLATE utf8mb4_unicode_ci NOT NULL,
  `name` varchar(100) COLLATE utf8mb4_unicode_ci NOT NULL,
  `beschreibung` varchar(255) COLLATE utf8mb4_unicode_ci NOT NULL,
  `geb_dat` date NOT NULL,
  `herkunfts_stadt_id` bigint(20) NOT NULL,
  `studienrichtung_id` bigint(20) NOT NULL,
  `profilbild_id` bigint(20) DEFAULT NULL,
  `mitglied_ins_id` bigint(20) DEFAULT NULL,
  `passwort` varchar(255) COLLATE utf8mb4_unicode_ci NOT NULL,
  PRIMARY KEY (`uid`),
  UNIQUE KEY `email` (`email`),
  KEY `herkunfts_stadt_id_fk` (`herkunfts_stadt_id`),
  KEY `studienrichtung_id_fk` (`studienrichtung_id`),
  KEY `profilbild_id_fk` (`profilbild_id`),
  KEY `gid_fk` (`mitglied_ins_id`),
  KEY `email_idx` (`email`),
  CONSTRAINT `user_gid_fk` FOREIGN KEY (`mitglied_ins_id`) REFERENCES `inserat` (`ins_id`) ON DELETE SET NULL ON UPDATE CASCADE,
  CONSTRAINT `user_herkunfts_stadt_id_fk` FOREIGN KEY (`herkunfts_stadt_id`) REFERENCES `stadt` (`sid`) ON UPDATE CASCADE,
  CONSTRAINT `user_profilbild_id_fk` FOREIGN KEY (`profilbild_id`) REFERENCES `bild` (`bid`) ON DELETE SET NULL ON UPDATE CASCADE,
  CONSTRAINT `user_studienrichtung_id_fk` FOREIGN KEY (`studienrichtung_id`) REFERENCES `studienrichtung` (`stu_id`) ON UPDATE CASCADE
) ENGINE=InnoDB AUTO_INCREMENT=3 DEFAULT CHARSET=utf8mb4 COLLATE=utf8mb4_unicode_ci;
/*!40101 SET character_set_client = @saved_cs_client */;

--
-- Dumping data for table `user`
--

LOCK TABLES `user` WRITE;
/*!40000 ALTER TABLE `user` DISABLE KEYS */;
INSERT INTO `user` VALUES (1,'joe@mail.com','Joe','...','1998-02-26',2,1386,8,NULL,'$2a$10$y0VIyQgxAj2olWyPEiU/2OTdUd1lpk82iOLVjaOwCnYFX3fvSAnYy'),(2,'max@mail.com','Max','sadsdas','1997-03-20',655,2,NULL,NULL,'$2a$10$9cJKTaKpm8r.iFDxHhaCz.Tgis6exWwZoCpDhfNFpOnTiv6wd34bK');
/*!40000 ALTER TABLE `user` ENABLE KEYS */;
UNLOCK TABLES;

--
-- Table structure for table `user_anfrage_inserat`
--

DROP TABLE IF EXISTS `user_anfrage_inserat`;
/*!40101 SET @saved_cs_client     = @@character_set_client */;
/*!40101 SET character_set_client = utf8 */;
CREATE TABLE `user_anfrage_inserat` (
  `ins_id` bigint(20) NOT NULL,
  `uid` bigint(20) NOT NULL,
  PRIMARY KEY (`ins_id`,`uid`),
  KEY `user_anfrage_inserat_user_uid_fk` (`uid`),
  CONSTRAINT `user_anfrage_inserat_inserat_ins_id_fk` FOREIGN KEY (`ins_id`) REFERENCES `inserat` (`ins_id`) ON DELETE CASCADE ON UPDATE CASCADE,
  CONSTRAINT `user_anfrage_inserat_user_uid_fk` FOREIGN KEY (`uid`) REFERENCES `user` (`uid`) ON DELETE CASCADE ON UPDATE CASCADE
) ENGINE=InnoDB DEFAULT CHARSET=utf8mb4 COLLATE=utf8mb4_unicode_ci;
/*!40101 SET character_set_client = @saved_cs_client */;

--
-- Dumping data for table `user_anfrage_inserat`
--

LOCK TABLES `user_anfrage_inserat` WRITE;
/*!40000 ALTER TABLE `user_anfrage_inserat` DISABLE KEYS */;
INSERT INTO `user_anfrage_inserat` VALUES (1,1);
/*!40000 ALTER TABLE `user_anfrage_inserat` ENABLE KEYS */;
UNLOCK TABLES;

--
-- Table structure for table `user_merkt_inserat`
--

DROP TABLE IF EXISTS `user_merkt_inserat`;
/*!40101 SET @saved_cs_client     = @@character_set_client */;
/*!40101 SET character_set_client = utf8 */;
CREATE TABLE `user_merkt_inserat` (
  `uid` bigint(20) NOT NULL,
  `ins_id` bigint(20) NOT NULL,
  PRIMARY KEY (`uid`,`ins_id`),
  KEY `user_merkt_inserat_ins_id_fk` (`ins_id`),
  KEY `user_merkt_inserat_uid_fk` (`uid`),
  CONSTRAINT `user_merkt_inserat_ins_id_fk` FOREIGN KEY (`ins_id`) REFERENCES `inserat` (`ins_id`) ON DELETE CASCADE ON UPDATE CASCADE,
  CONSTRAINT `user_merkt_inserat_uid_fk` FOREIGN KEY (`uid`) REFERENCES `user` (`uid`) ON DELETE CASCADE ON UPDATE CASCADE
) ENGINE=InnoDB DEFAULT CHARSET=utf8mb4 COLLATE=utf8mb4_unicode_ci;
/*!40101 SET character_set_client = @saved_cs_client */;

--
-- Dumping data for table `user_merkt_inserat`
--

LOCK TABLES `user_merkt_inserat` WRITE;
/*!40000 ALTER TABLE `user_merkt_inserat` DISABLE KEYS */;
INSERT INTO `user_merkt_inserat` VALUES (1,1);
/*!40000 ALTER TABLE `user_merkt_inserat` ENABLE KEYS */;
UNLOCK TABLES;

--
-- Table structure for table `user_spricht_sprache`
--

DROP TABLE IF EXISTS `user_spricht_sprache`;
/*!40101 SET @saved_cs_client     = @@character_set_client */;
/*!40101 SET character_set_client = utf8 */;
CREATE TABLE `user_spricht_sprache` (
  `uid` bigint(20) NOT NULL,
  `iso_code` varchar(3) COLLATE utf8mb4_unicode_ci NOT NULL,
  PRIMARY KEY (`uid`,`iso_code`),
  KEY `user_spricht_sprache_iso_fk` (`iso_code`),
  KEY `user_merkt_inserat_uid_fk` (`uid`),
  CONSTRAINT `user_spricht_sprache_iso_fk` FOREIGN KEY (`iso_code`) REFERENCES `sprache` (`iso_code`) ON UPDATE CASCADE,
  CONSTRAINT `user_spricht_sprache_uid_fk` FOREIGN KEY (`uid`) REFERENCES `user` (`uid`) ON DELETE CASCADE ON UPDATE CASCADE
) ENGINE=InnoDB DEFAULT CHARSET=utf8mb4 COLLATE=utf8mb4_unicode_ci;
/*!40101 SET character_set_client = @saved_cs_client */;

--
-- Dumping data for table `user_spricht_sprache`
--

LOCK TABLES `user_spricht_sprache` WRITE;
/*!40000 ALTER TABLE `user_spricht_sprache` DISABLE KEYS */;
/*!40000 ALTER TABLE `user_spricht_sprache` ENABLE KEYS */;
UNLOCK TABLES;
/*!40103 SET TIME_ZONE=@OLD_TIME_ZONE */;

/*!40101 SET SQL_MODE=@OLD_SQL_MODE */;
/*!40014 SET FOREIGN_KEY_CHECKS=@OLD_FOREIGN_KEY_CHECKS */;
/*!40014 SET UNIQUE_CHECKS=@OLD_UNIQUE_CHECKS */;
/*!40101 SET CHARACTER_SET_CLIENT=@OLD_CHARACTER_SET_CLIENT */;
/*!40101 SET CHARACTER_SET_RESULTS=@OLD_CHARACTER_SET_RESULTS */;
/*!40101 SET COLLATION_CONNECTION=@OLD_COLLATION_CONNECTION */;
/*!40111 SET SQL_NOTES=@OLD_SQL_NOTES */;

-- Dump completed on 2021-05-09  4:10:18
